Timestamp,Current Sensor Voltage (V),Current (A),Voltage Sensor Output (V),Relay State,Power (W),Cumulative Energy (Wh),Relay Changed,Current Spike,Voltage Fluctuation
11/07/2025 22:14,2.37,-1.91,2.99,ON,-5.7,-0.0016,TRUE,TRUE,TRUE
11/07/2025 22:14,2.53,0.39,2.96,ON,1.16,-0.0013,FALSE,TRUE,FALSE
11/07/2025 22:14,2.56,0.98,2.96,ON,2.89,-0.0005,FALSE,TRUE,FALSE
11/07/2025 22:14,2.56,0.98,2.91,ON,2.85,0.0003,FALSE,FALSE,FALSE
11/07/2025 22:14,2.58,1.22,2.97,ON,3.63,0.0013,FALSE,TRUE,FALSE
11/07/2025 22:14,2.53,0.44,2.99,ON,1.32,0.0017,FALSE,TRUE,FALSE
11/07/2025 22:14,2.57,1.12,2.98,ON,3.35,0.0026,FALSE,TRUE,FALSE
11/07/2025 22:14,2.57,1.12,2.91,ON,3.27,0.0035,FALSE,FALSE,FALSE
11/07/2025 22:14,2.56,0.88,2.96,ON,2.61,0.0043,FALSE,TRUE,FALSE
11/07/2025 22:14,2.52,0.34,2.89,ON,0.99,0.0045,FALSE,TRUE,FALSE
11/07/2025 22:14,2.55,0.78,2.99,ON,2.34,0.0052,FALSE,TRUE,FALSE
11/07/2025 22:14,2.51,0.2,2.94,ON,0.58,0.0054,FALSE,TRUE,FALSE
11/07/2025 22:14,2.53,0.39,3,ON,1.17,0.0057,FALSE,TRUE,FALSE
11/07/2025 22:14,2.55,0.68,3,ON,2.05,0.0063,FALSE,TRUE,FALSE
11/07/2025 22:14,2.62,1.86,3,ON,5.58,0.0078,FALSE,TRUE,FALSE
11/07/2025 22:14,2.5,0,2.99,OFF,0,0.0078,TRUE,TRUE,FALSE
11/07/2025 22:14,2.35,-2.35,2.93,ON,-6.86,0.0059,TRUE,TRUE,FALSE
11/07/2025 22:14,2.64,2.15,2.99,ON,6.44,0.0077,FALSE,TRUE,FALSE
11/07/2025 22:14,2.55,0.83,2.93,ON,2.43,0.0084,FALSE,TRUE,FALSE
11/07/2025 22:14,2.53,0.39,2.94,ON,1.15,0.0087,FALSE,TRUE,FALSE
11/07/2025 22:14,2.55,0.83,2.99,ON,2.48,0.0094,FALSE,TRUE,FALSE
11/07/2025 22:14,2.57,1.03,2.94,ON,3.02,0.0102,FALSE,TRUE,FALSE
11/07/2025 22:14,2.55,0.83,2.97,ON,2.47,0.0109,FALSE,TRUE,FALSE
11/07/2025 22:14,2.55,0.73,2.99,ON,2.19,0.0115,FALSE,FALSE,FALSE
11/07/2025 22:14,2.53,0.39,2.97,ON,1.16,0.0118,FALSE,TRUE,FALSE
11/07/2025 22:14,2.58,1.22,2.93,ON,3.58,0.0128,FALSE,TRUE,FALSE
11/07/2025 22:14,2.55,0.83,2.99,ON,2.49,0.0135,FALSE,TRUE,FALSE
11/07/2025 22:14,2.53,0.39,2.97,ON,1.16,0.0138,FALSE,TRUE,FALSE
11/07/2025 22:14,2.52,0.29,2.91,ON,0.85,0.0141,FALSE,FALSE,FALSE
11/07/2025 22:14,2.6,1.47,2.95,ON,4.33,0.0153,FALSE,TRUE,FALSE
11/07/2025 22:14,2.58,1.22,2.89,ON,3.53,0.0163,FALSE,TRUE,FALSE
11/07/2025 22:14,2.58,1.17,3,ON,3.52,0.0172,FALSE,FALSE,FALSE
11/07/2025 22:14,2.58,1.17,2.95,ON,3.45,0.0182,FALSE,FALSE,FALSE
11/07/2025 22:14,2.5,0,2.96,OFF,0,0.0182,TRUE,TRUE,FALSE
11/07/2025 22:14,2.36,-2.05,2.95,ON,-6.07,0.0165,TRUE,TRUE,FALSE
11/07/2025 22:14,2.57,1.03,2.9,ON,2.98,0.0173,FALSE,TRUE,FALSE
11/07/2025 22:14,2.65,2.2,2.93,ON,6.44,0.0191,FALSE,TRUE,FALSE
11/07/2025 22:14,2.63,2,2.92,ON,5.84,0.0207,FALSE,TRUE,FALSE
11/07/2025 22:14,2.53,0.44,3.05,ON,1.34,0.0211,FALSE,TRUE,FALSE
11/07/2025 22:14,2.55,0.83,2.99,ON,2.48,0.0218,FALSE,TRUE,FALSE
11/07/2025 22:15,2.53,0.39,2.91,ON,1.14,0.0221,FALSE,TRUE,FALSE
11/07/2025 22:15,2.53,0.39,2.94,ON,1.15,0.0224,FALSE,FALSE,FALSE
11/07/2025 22:15,2.59,1.32,2.99,ON,3.95,0.0235,FALSE,TRUE,FALSE
11/07/2025 22:15,2.53,0.39,2.89,ON,1.13,0.0238,FALSE,TRUE,FALSE
11/07/2025 22:15,2.56,0.88,2.94,ON,2.59,0.0246,FALSE,TRUE,FALSE
11/07/2025 22:15,2.58,1.22,2.98,ON,3.64,0.0256,FALSE,TRUE,FALSE
11/07/2025 22:15,2.55,0.78,2.94,ON,2.3,0.0262,FALSE,TRUE,FALSE
11/07/2025 22:15,2.58,1.22,2.99,ON,3.66,0.0272,FALSE,TRUE,FALSE
11/07/2025 22:15,2.5,0,2.96,OFF,0,0.0272,TRUE,TRUE,FALSE
11/07/2025 22:15,2.36,-2.1,2.89,ON,-6.07,0.0255,TRUE,TRUE,FALSE
11/07/2025 22:15,2.52,0.29,2.99,ON,0.88,0.0258,FALSE,TRUE,FALSE
11/07/2025 22:15,2.59,1.32,2.94,ON,3.88,0.0269,FALSE,TRUE,FALSE
11/07/2025 22:15,2.57,1.08,2.96,ON,3.18,0.0278,FALSE,TRUE,FALSE
11/07/2025 22:15,2.57,1.03,3.02,ON,3.1,0.0286,FALSE,FALSE,FALSE
11/07/2025 22:15,2.54,0.64,2.98,ON,1.9,0.0291,FALSE,TRUE,FALSE
11/07/2025 22:15,2.55,0.83,2.94,ON,2.44,0.0298,FALSE,TRUE,FALSE
11/07/2025 22:15,2.65,2.35,2.95,ON,6.93,0.0317,FALSE,TRUE,FALSE
11/07/2025 22:15,2.64,2.05,3.03,ON,6.22,0.0335,FALSE,TRUE,FALSE
11/07/2025 22:15,2.61,1.61,2.99,ON,4.83,0.0348,FALSE,TRUE,FALSE
11/07/2025 22:15,2.55,0.78,2.96,ON,2.32,0.0355,FALSE,TRUE,FALSE
11/07/2025 22:15,2.58,1.22,2.95,ON,3.61,0.0365,FALSE,TRUE,FALSE
11/07/2025 22:15,2.58,1.17,2.94,ON,3.45,0.0374,FALSE,FALSE,FALSE
11/07/2025 22:15,2.56,0.93,3.01,ON,2.79,0.0382,FALSE,TRUE,FALSE
11/07/2025 22:15,2.59,1.37,3.01,ON,4.11,0.0393,FALSE,TRUE,FALSE
11/07/2025 22:15,2.58,1.22,3.04,ON,3.72,0.0404,FALSE,TRUE,FALSE
11/07/2025 22:15,2.57,1.12,3.04,ON,3.42,0.0413,FALSE,FALSE,FALSE
11/07/2025 22:15,2.53,0.39,2.98,ON,1.17,0.0416,FALSE,TRUE,FALSE
11/07/2025 22:15,2.56,0.98,2.92,ON,2.85,0.0424,FALSE,TRUE,FALSE
11/07/2025 22:15,2.62,1.76,3.01,ON,5.29,0.0439,FALSE,TRUE,FALSE
11/07/2025 22:15,2.6,1.52,2.99,ON,4.54,0.0452,FALSE,TRUE,FALSE
11/07/2025 22:15,2.64,2.1,2.99,ON,6.29,0.0469,FALSE,TRUE,FALSE
11/07/2025 22:15,2.6,1.52,2.98,ON,4.52,0.0482,FALSE,TRUE,FALSE
11/07/2025 22:15,2.56,0.88,2.94,ON,2.59,0.0489,FALSE,TRUE,FALSE
11/07/2025 22:15,2.61,1.66,3,ON,4.98,0.0503,FALSE,TRUE,FALSE
11/07/2025 22:15,2.5,0,2.96,OFF,0,0.0503,TRUE,TRUE,FALSE
11/07/2025 22:15,2.37,-1.91,2.94,ON,-5.61,0.0487,TRUE,TRUE,FALSE
11/07/2025 22:15,2.6,1.47,3.02,ON,4.43,0.0499,FALSE,TRUE,FALSE
11/07/2025 22:15,2.57,1.03,2.95,ON,3.02,0.0508,FALSE,TRUE,FALSE
11/07/2025 22:15,2.55,0.83,2.99,ON,2.49,0.0515,FALSE,TRUE,FALSE
11/07/2025 22:15,2.58,1.22,2.99,ON,3.66,0.0525,FALSE,TRUE,FALSE
11/07/2025 22:15,2.53,0.39,2.99,ON,1.17,0.0528,FALSE,TRUE,FALSE
11/07/2025 22:15,2.56,0.98,2.96,ON,2.9,0.0536,FALSE,TRUE,FALSE
11/07/2025 22:15,2.56,0.88,2.99,ON,2.63,0.0543,FALSE,FALSE,FALSE
11/07/2025 22:15,2.58,1.17,2.99,ON,3.51,0.0553,FALSE,TRUE,FALSE
11/07/2025 22:15,2.57,1.12,2.95,ON,3.32,0.0562,FALSE,FALSE,FALSE
11/07/2025 22:15,2.55,0.68,2.99,ON,2.05,0.0568,FALSE,TRUE,FALSE
11/07/2025 22:15,2.54,0.64,2.99,ON,1.9,0.0573,FALSE,FALSE,FALSE
11/07/2025 22:15,2.56,0.98,2.97,ON,2.9,0.0581,FALSE,TRUE,FALSE
11/07/2025 22:15,2.58,1.22,2.97,ON,3.63,0.0592,FALSE,TRUE,FALSE
11/07/2025 22:15,2.55,0.68,2.99,ON,2.05,0.0597,FALSE,TRUE,FALSE
11/07/2025 22:15,2.65,2.35,2.94,ON,6.9,0.0616,FALSE,TRUE,FALSE
11/07/2025 22:15,2.57,1.12,2.99,ON,3.37,0.0626,FALSE,TRUE,FALSE
11/07/2025 22:15,2.53,0.39,2.91,ON,1.14,0.0629,FALSE,TRUE,FALSE
11/07/2025 22:15,2.59,1.37,2.96,ON,4.06,0.064,FALSE,TRUE,FALSE
11/07/2025 22:15,2.58,1.22,2.99,ON,3.66,0.065,FALSE,TRUE,FALSE
11/07/2025 22:15,2.53,0.39,2.94,ON,1.15,0.0654,FALSE,TRUE,FALSE
11/07/2025 22:15,2.65,2.35,2.97,ON,6.98,0.0673,FALSE,TRUE,FALSE
11/07/2025 22:15,2.67,2.59,2.89,ON,7.48,0.0694,FALSE,TRUE,FALSE
11/07/2025 22:15,2.57,1.03,2.98,ON,3.06,0.0702,FALSE,TRUE,FALSE
11/07/2025 22:15,2.61,1.66,2.95,ON,4.9,0.0716,FALSE,TRUE,FALSE
11/07/2025 22:16,2.65,2.3,2.96,ON,6.8,0.0735,FALSE,TRUE,FALSE
11/07/2025 22:16,2.55,0.78,3.03,ON,2.37,0.0741,FALSE,TRUE,FALSE
11/07/2025 22:16,2.53,0.39,2.92,ON,1.14,0.0744,FALSE,TRUE,FALSE
11/07/2025 22:16,2.55,0.78,3.05,ON,2.38,0.0751,FALSE,TRUE,FALSE
11/07/2025 22:16,2.53,0.39,2.89,ON,1.13,0.0754,FALSE,TRUE,FALSE
11/07/2025 22:16,2.58,1.17,2.89,ON,3.39,0.0764,FALSE,TRUE,FALSE
11/07/2025 22:16,2.59,1.32,3.01,ON,3.98,0.0775,FALSE,TRUE,FALSE
11/07/2025 22:16,2.56,0.98,2.99,ON,2.92,0.0783,FALSE,TRUE,FALSE
11/07/2025 22:16,2.63,2,2.95,ON,5.91,0.0799,FALSE,TRUE,FALSE
11/07/2025 22:16,2.55,0.73,3,ON,2.2,0.0805,FALSE,TRUE,FALSE
11/07/2025 22:16,2.55,0.78,2.96,ON,2.32,0.0812,FALSE,FALSE,FALSE
11/07/2025 22:16,2.54,0.54,2.98,ON,1.6,0.0816,FALSE,TRUE,FALSE
11/07/2025 22:16,2.54,0.59,3.05,ON,1.79,0.0821,FALSE,FALSE,FALSE
11/07/2025 22:16,2.55,0.83,3.01,ON,2.5,0.0828,FALSE,TRUE,FALSE
11/07/2025 22:16,2.6,1.56,2.95,ON,4.62,0.0841,FALSE,TRUE,FALSE
11/07/2025 22:16,2.66,2.39,2.97,ON,7.11,0.0861,FALSE,TRUE,FALSE
11/07/2025 22:16,2.58,1.17,3.04,ON,3.56,0.0871,FALSE,TRUE,FALSE
11/07/2025 22:16,2.53,0.39,2.93,ON,1.15,0.0874,FALSE,TRUE,FALSE
11/07/2025 22:16,2.57,1.12,3.02,ON,3.39,0.0883,FALSE,TRUE,FALSE
11/07/2025 22:16,2.58,1.17,3,ON,3.52,0.0893,FALSE,FALSE,FALSE
11/07/2025 22:16,2.55,0.83,3.02,ON,2.51,0.09,FALSE,TRUE,FALSE
11/07/2025 22:16,2.58,1.17,3.04,ON,3.56,0.091,FALSE,TRUE,FALSE
11/07/2025 22:16,2.59,1.37,2.99,ON,4.09,0.0921,FALSE,TRUE,FALSE
11/07/2025 22:16,2.57,1.03,3.02,ON,3.1,0.093,FALSE,TRUE,FALSE
11/07/2025 22:16,2.66,2.39,2.97,ON,7.12,0.095,FALSE,TRUE,FALSE
11/07/2025 22:16,2.54,0.59,3.05,ON,1.79,0.0954,FALSE,TRUE,FALSE
11/07/2025 22:16,2.59,1.37,2.94,ON,4.03,0.0966,FALSE,TRUE,FALSE
11/07/2025 22:16,2.55,0.78,3.02,ON,2.36,0.0972,FALSE,TRUE,FALSE
11/07/2025 22:16,2.6,1.47,3.01,ON,4.42,0.0985,FALSE,TRUE,FALSE
11/07/2025 22:16,2.5,0.05,2.91,ON,0.14,0.0985,FALSE,TRUE,FALSE
11/07/2025 22:16,2.57,1.03,3.03,ON,3.11,0.0994,FALSE,TRUE,FALSE
11/07/2025 22:16,2.57,1.03,2.97,ON,3.05,0.1002,FALSE,FALSE,FALSE
11/07/2025 22:16,2.64,2.1,2.97,ON,6.24,0.1019,FALSE,TRUE,FALSE
11/07/2025 22:16,2.57,1.12,2.99,ON,3.37,0.1029,FALSE,TRUE,FALSE
11/07/2025 22:16,2.58,1.22,3.01,ON,3.67,0.1039,FALSE,FALSE,FALSE
11/07/2025 22:16,2.58,1.22,2.97,ON,3.63,0.1049,FALSE,FALSE,FALSE
11/07/2025 22:16,2.55,0.83,3.03,ON,2.51,0.1056,FALSE,TRUE,FALSE
11/07/2025 22:16,2.58,1.17,2.97,ON,3.49,0.1066,FALSE,TRUE,FALSE
11/07/2025 22:16,2.58,1.17,3.01,ON,3.53,0.1075,FALSE,FALSE,FALSE
11/07/2025 22:16,2.66,2.39,2.98,ON,7.14,0.1095,FALSE,TRUE,FALSE
11/07/2025 22:16,2.52,0.24,2.94,ON,0.72,0.1097,FALSE,TRUE,FALSE
11/07/2025 22:16,2.58,1.22,2.99,ON,3.66,0.1107,FALSE,TRUE,FALSE
11/07/2025 22:16,2.51,0.1,2.96,ON,0.29,0.1108,FALSE,TRUE,FALSE
11/07/2025 22:16,2.55,0.83,3.03,ON,2.51,0.1115,FALSE,TRUE,FALSE
11/07/2025 22:16,2.58,1.22,2.97,ON,3.63,0.1125,FALSE,TRUE,FALSE
11/07/2025 22:16,2.56,0.88,3.02,ON,2.65,0.1133,FALSE,TRUE,FALSE
11/07/2025 22:16,2.6,1.47,2.99,ON,4.39,0.1145,FALSE,TRUE,FALSE
11/07/2025 22:16,2.58,1.22,2.98,ON,3.64,0.1155,FALSE,TRUE,FALSE
11/07/2025 22:16,2.5,0,2.95,OFF,0,0.1155,TRUE,TRUE,FALSE
11/07/2025 22:16,2.35,-2.2,2.94,ON,-6.47,0.1137,TRUE,TRUE,FALSE
11/07/2025 22:16,2.58,1.17,2.89,ON,3.39,0.1146,FALSE,TRUE,FALSE
11/07/2025 22:16,2.53,0.39,2.98,ON,1.17,0.115,FALSE,TRUE,FALSE
11/07/2025 22:16,2.47,-0.39,3.03,ON,-1.18,0.1146,FALSE,TRUE,FALSE
11/07/2025 22:16,2.5,0,2.99,OFF,0,0.1146,TRUE,TRUE,FALSE
11/07/2025 22:16,2.35,-2.2,2.94,ON,-6.47,0.1128,TRUE,TRUE,FALSE
11/07/2025 22:16,2.57,1.12,2.91,ON,3.27,0.1138,FALSE,TRUE,FALSE
11/07/2025 22:16,2.56,0.93,2.95,ON,2.74,0.1145,FALSE,TRUE,FALSE
11/07/2025 22:16,2.57,1.03,3.02,ON,3.1,0.1154,FALSE,FALSE,FALSE
11/07/2025 22:16,2.55,0.73,2.98,ON,2.19,0.116,FALSE,TRUE,FALSE
11/07/2025 22:16,2.55,0.73,3.01,ON,2.2,0.1166,FALSE,FALSE,FALSE
11/07/2025 22:17,2.5,0,2.98,OFF,0,0.1166,TRUE,TRUE,FALSE
11/07/2025 22:17,2.86,5.47,2.85,ON,15.59,0.1209,TRUE,TRUE,FALSE
11/07/2025 22:17,2.57,1.08,2.99,ON,3.22,0.1218,FALSE,TRUE,FALSE
11/07/2025 22:17,2.58,1.17,2.99,ON,3.51,0.1228,FALSE,FALSE,FALSE
11/07/2025 22:17,2.5,0,2.99,OFF,0,0.1228,TRUE,TRUE,FALSE
11/07/2025 22:17,2.37,-1.91,2.91,ON,-5.55,0.1213,TRUE,TRUE,FALSE
11/07/2025 22:17,2.57,1.03,2.93,ON,3,0.1221,FALSE,TRUE,FALSE
11/07/2025 22:17,2.57,1.03,3.03,ON,3.11,0.1229,FALSE,FALSE,FALSE
11/07/2025 22:17,2.57,1.03,3.01,ON,3.09,0.1238,FALSE,FALSE,FALSE
11/07/2025 22:17,2.56,0.93,2.96,ON,2.75,0.1246,FALSE,FALSE,FALSE
11/07/2025 22:17,2.53,0.39,2.99,ON,1.17,0.1249,FALSE,TRUE,FALSE
11/07/2025 22:17,2.52,0.29,2.89,ON,0.85,0.1251,FALSE,FALSE,FALSE
11/07/2025 22:17,2.58,1.22,3.02,ON,3.69,0.1262,FALSE,TRUE,FALSE
11/07/2025 22:17,2.58,1.17,2.92,ON,3.42,0.1271,FALSE,FALSE,FALSE
11/07/2025 22:17,2.53,0.49,3,ON,1.47,0.1275,FALSE,TRUE,FALSE
11/07/2025 22:17,2.66,2.44,2.9,ON,7.09,0.1295,FALSE,TRUE,FALSE
11/07/2025 22:17,2.56,0.88,2.99,ON,2.63,0.1302,FALSE,TRUE,FALSE
11/07/2025 22:17,2.62,1.81,2.9,ON,5.24,0.1317,FALSE,TRUE,FALSE
11/07/2025 22:17,2.55,0.83,2.99,ON,2.49,0.1324,FALSE,TRUE,FALSE
11/07/2025 22:17,2.58,1.22,2.99,ON,3.66,0.1334,FALSE,TRUE,FALSE
11/07/2025 22:17,2.58,1.17,2.89,ON,3.39,0.1343,FALSE,FALSE,FALSE
11/07/2025 22:17,2.54,0.59,2.98,ON,1.75,0.1348,FALSE,TRUE,FALSE
11/07/2025 22:17,2.58,1.17,2.96,ON,3.48,0.1358,FALSE,TRUE,FALSE
11/07/2025 22:17,2.53,0.39,2.99,ON,1.17,0.1361,FALSE,TRUE,FALSE
11/07/2025 22:17,2.58,1.22,2.95,ON,3.61,0.1371,FALSE,TRUE,FALSE
11/07/2025 22:17,2.47,-0.39,2.96,ON,-1.16,0.1368,FALSE,TRUE,FALSE
11/07/2025 22:17,2.58,1.22,3.01,ON,3.68,0.1378,FALSE,TRUE,FALSE
11/07/2025 22:17,2.59,1.32,2.99,ON,3.95,0.1389,FALSE,FALSE,FALSE
11/07/2025 22:17,2.57,1.12,2.95,ON,3.31,0.1398,FALSE,TRUE,FALSE
11/07/2025 22:17,2.56,0.98,2.99,ON,2.93,0.1406,FALSE,TRUE,FALSE
11/07/2025 22:17,2.62,1.81,2.95,ON,5.34,0.1421,FALSE,TRUE,FALSE
11/07/2025 22:17,2.59,1.32,3.02,ON,3.98,0.1432,FALSE,TRUE,FALSE
11/07/2025 22:17,2.58,1.22,2.98,ON,3.64,0.1442,FALSE,FALSE,FALSE
11/07/2025 22:17,2.55,0.83,3.02,ON,2.51,0.1449,FALSE,TRUE,FALSE
11/07/2025 22:17,2.64,2.1,3.02,ON,6.35,0.1467,FALSE,TRUE,FALSE
11/07/2025 22:17,2.61,1.61,2.99,ON,4.82,0.148,FALSE,TRUE,FALSE
11/07/2025 22:17,2.56,0.98,2.97,ON,2.91,0.1488,FALSE,TRUE,FALSE
11/07/2025 22:17,2.58,1.17,3.05,ON,3.57,0.1498,FALSE,TRUE,FALSE
11/07/2025 22:17,2.59,1.37,3.05,ON,4.17,0.151,FALSE,TRUE,FALSE
11/07/2025 22:17,2.55,0.83,2.99,ON,2.49,0.1517,FALSE,TRUE,FALSE
11/07/2025 22:17,2.6,1.52,2.99,ON,4.54,0.1529,FALSE,TRUE,FALSE
11/07/2025 22:17,2.47,-0.39,2.98,ON,-1.17,0.1526,FALSE,TRUE,FALSE
11/07/2025 22:17,2.53,0.49,2.97,ON,1.45,0.153,FALSE,TRUE,FALSE
11/07/2025 22:17,2.5,0,2.96,OFF,0,0.153,TRUE,TRUE,FALSE
11/07/2025 22:17,2.35,-2.25,2.9,ON,-6.51,0.1512,TRUE,TRUE,FALSE
11/07/2025 22:17,2.55,0.73,2.97,ON,2.18,0.1518,FALSE,TRUE,FALSE
11/07/2025 22:17,2.56,0.98,2.99,ON,2.92,0.1526,FALSE,TRUE,FALSE
11/07/2025 22:17,2.55,0.68,2.99,ON,2.05,0.1532,FALSE,TRUE,FALSE
11/07/2025 22:17,2.57,1.12,3.01,ON,3.39,0.1541,FALSE,TRUE,FALSE
11/07/2025 22:17,2.56,0.93,3.02,ON,2.8,0.1549,FALSE,TRUE,FALSE
11/07/2025 22:17,2.55,0.68,2.99,ON,2.05,0.1555,FALSE,TRUE,FALSE
11/07/2025 22:17,2.57,1.12,2.94,ON,3.3,0.1564,FALSE,TRUE,FALSE
11/07/2025 22:17,2.56,0.98,2.93,ON,2.87,0.1572,FALSE,TRUE,FALSE
11/07/2025 22:17,2.6,1.52,2.96,ON,4.48,0.1584,FALSE,TRUE,FALSE
11/07/2025 22:17,2.59,1.37,2.96,ON,4.05,0.1596,FALSE,TRUE,FALSE
11/07/2025 22:17,2.5,0,2.99,OFF,0,0.1596,TRUE,TRUE,FALSE
11/07/2025 22:17,2.85,5.33,2.92,ON,15.54,0.1639,TRUE,TRUE,FALSE
11/07/2025 22:17,2.47,-0.39,2.94,ON,-1.15,0.1636,FALSE,TRUE,FALSE
11/07/2025 22:17,2.62,1.76,2.97,ON,5.22,0.165,FALSE,TRUE,FALSE
11/07/2025 22:17,2.57,1.03,3.01,ON,3.09,0.1659,FALSE,TRUE,FALSE
11/07/2025 22:18,2.47,-0.39,2.94,ON,-1.15,0.1655,FALSE,TRUE,FALSE
11/07/2025 22:18,2.58,1.17,2.97,ON,3.48,0.1665,FALSE,TRUE,FALSE
11/07/2025 22:18,2.55,0.73,2.96,ON,2.17,0.1671,FALSE,TRUE,FALSE
11/07/2025 22:18,2.47,-0.39,2.99,ON,-1.17,0.1668,FALSE,TRUE,FALSE
11/07/2025 22:18,2.57,1.03,2.99,ON,3.07,0.1676,FALSE,TRUE,FALSE
11/07/2025 22:18,2.57,1.08,3.04,ON,3.27,0.1686,FALSE,FALSE,FALSE
11/07/2025 22:18,2.53,0.44,3.02,ON,1.33,0.1689,FALSE,TRUE,FALSE
11/07/2025 22:18,2.53,0.39,2.95,ON,1.15,0.1692,FALSE,FALSE,FALSE
11/07/2025 22:18,2.53,0.39,2.99,ON,1.17,0.1696,FALSE,FALSE,FALSE
11/07/2025 22:18,2.5,-0.05,2.99,ON,-0.15,0.1695,FALSE,TRUE,FALSE
11/07/2025 22:18,2.55,0.83,2.99,ON,2.49,0.1702,FALSE,TRUE,FALSE
11/07/2025 22:18,2.56,0.93,3.01,ON,2.79,0.171,FALSE,FALSE,FALSE
11/07/2025 22:18,2.53,0.39,2.92,ON,1.14,0.1713,FALSE,TRUE,FALSE
11/07/2025 22:18,2.53,0.39,2.97,ON,1.16,0.1716,FALSE,FALSE,FALSE
11/07/2025 22:18,2.53,0.39,2.96,ON,1.16,0.172,FALSE,FALSE,FALSE
11/07/2025 22:18,2.5,0.05,3.05,ON,0.15,0.172,FALSE,TRUE,FALSE
11/07/2025 22:18,2.48,-0.34,2.99,ON,-1.02,0.1717,FALSE,TRUE,FALSE
11/07/2025 22:18,2.55,0.68,2.89,ON,1.98,0.1723,FALSE,TRUE,FALSE
11/07/2025 22:18,2.65,2.35,2.99,ON,7.02,0.1742,FALSE,TRUE,FALSE
11/07/2025 22:18,2.56,0.88,2.99,ON,2.63,0.1749,FALSE,TRUE,FALSE
11/07/2025 22:18,2.65,2.3,2.95,ON,6.77,0.1768,FALSE,TRUE,FALSE
11/07/2025 22:18,2.55,0.83,2.96,ON,2.46,0.1775,FALSE,TRUE,FALSE
11/07/2025 22:18,2.53,0.44,2.99,ON,1.32,0.1779,FALSE,TRUE,FALSE
11/07/2025 22:18,2.53,0.44,3.01,ON,1.32,0.1782,FALSE,FALSE,FALSE
11/07/2025 22:18,2.5,0,2.97,OFF,0,0.1782,TRUE,TRUE,FALSE
11/07/2025 22:18,2.36,-2.1,2.96,ON,-6.22,0.1765,TRUE,TRUE,FALSE
11/07/2025 22:18,2.56,0.98,2.94,ON,2.87,0.1773,FALSE,TRUE,FALSE
11/07/2025 22:18,2.55,0.78,2.89,ON,2.26,0.1779,FALSE,TRUE,FALSE
11/07/2025 22:18,2.58,1.17,2.99,ON,3.51,0.1789,FALSE,TRUE,FALSE
11/07/2025 22:18,2.5,0,3.01,OFF,0,0.1789,TRUE,TRUE,FALSE
11/07/2025 22:18,2.37,-2,2.9,ON,-5.8,0.1773,TRUE,TRUE,FALSE
11/07/2025 22:18,2.56,0.93,3,ON,2.79,0.1781,FALSE,TRUE,FALSE
11/07/2025 22:18,2.57,1.03,3.01,ON,3.09,0.1789,FALSE,FALSE,FALSE
11/07/2025 22:18,2.58,1.22,2.93,ON,3.58,0.1799,FALSE,TRUE,FALSE
11/07/2025 22:18,2.56,0.93,3.03,ON,2.82,0.1807,FALSE,TRUE,FALSE
11/07/2025 22:18,2.58,1.17,2.97,ON,3.49,0.1817,FALSE,TRUE,FALSE
11/07/2025 22:18,2.5,0,2.96,OFF,0,0.1817,TRUE,TRUE,FALSE
11/07/2025 22:18,2.84,5.18,2.97,ON,15.38,0.186,TRUE,TRUE,FALSE
11/07/2025 22:18,2.55,0.83,3.04,ON,2.52,0.1867,FALSE,TRUE,FALSE
11/07/2025 22:18,2.55,0.78,2.94,ON,2.3,0.1873,FALSE,FALSE,FALSE
11/07/2025 22:18,2.57,1.03,2.99,ON,3.07,0.1881,FALSE,TRUE,FALSE
11/07/2025 22:18,2.55,0.78,2.99,ON,2.34,0.1888,FALSE,TRUE,FALSE
11/07/2025 22:18,2.5,0,2.97,OFF,0,0.1888,TRUE,TRUE,FALSE
11/07/2025 22:18,2.36,-2.05,2.94,ON,-6.03,0.1871,TRUE,TRUE,FALSE
11/07/2025 22:18,2.5,-0.05,3.02,ON,-0.15,0.1871,FALSE,TRUE,FALSE
11/07/2025 22:18,2.58,1.17,2.97,ON,3.48,0.188,FALSE,TRUE,FALSE
11/07/2025 22:18,2.62,1.81,2.92,ON,5.28,0.1895,FALSE,TRUE,FALSE
11/07/2025 22:18,2.63,2,2.98,ON,5.97,0.1912,FALSE,TRUE,FALSE
11/07/2025 22:18,2.58,1.17,2.92,ON,3.42,0.1921,FALSE,TRUE,FALSE
11/07/2025 22:18,2.55,0.83,2.97,ON,2.47,0.1928,FALSE,TRUE,FALSE
11/07/2025 22:18,2.55,0.78,3,ON,2.35,0.1935,FALSE,FALSE,FALSE
11/07/2025 22:18,2.58,1.22,3.02,ON,3.69,0.1945,FALSE,TRUE,FALSE
11/07/2025 22:18,2.5,0,2.94,OFF,0,0.1945,TRUE,TRUE,FALSE
11/07/2025 22:18,2.84,5.08,2.89,ON,14.71,0.1986,TRUE,TRUE,FALSE
11/07/2025 22:18,2.63,2,2.98,ON,5.97,0.2002,FALSE,TRUE,FALSE
11/07/2025 22:18,2.55,0.83,2.99,ON,2.49,0.2009,FALSE,TRUE,FALSE
11/07/2025 22:18,2.57,1.08,2.99,ON,3.22,0.2018,FALSE,TRUE,FALSE
11/07/2025 22:18,2.58,1.17,2.95,ON,3.46,0.2028,FALSE,FALSE,FALSE
11/07/2025 22:18,2.58,1.27,2.95,ON,3.75,0.2038,FALSE,FALSE,FALSE
11/07/2025 22:18,2.58,1.27,2.91,ON,3.7,0.2048,FALSE,FALSE,FALSE
11/07/2025 22:19,2.55,0.78,2.94,ON,2.3,0.2055,FALSE,TRUE,FALSE
11/07/2025 22:19,2.57,1.03,2.99,ON,3.07,0.2063,FALSE,TRUE,FALSE
11/07/2025 22:19,2.51,0.2,2.99,ON,0.58,0.2065,FALSE,TRUE,FALSE
11/07/2025 22:19,2.56,0.93,2.99,ON,2.78,0.2073,FALSE,TRUE,FALSE
11/07/2025 22:19,2.64,2.05,3.02,ON,6.2,0.209,FALSE,TRUE,FALSE
11/07/2025 22:19,2.54,0.54,2.99,ON,1.61,0.2094,FALSE,TRUE,FALSE
11/07/2025 22:19,2.53,0.39,2.99,ON,1.17,0.2098,FALSE,TRUE,FALSE
11/07/2025 22:19,2.57,1.03,2.97,ON,3.05,0.2106,FALSE,TRUE,FALSE
11/07/2025 22:19,2.56,0.88,2.94,ON,2.59,0.2113,FALSE,TRUE,FALSE
11/07/2025 22:19,2.58,1.22,2.99,ON,3.65,0.2123,FALSE,TRUE,FALSE
11/07/2025 22:19,2.66,2.39,3,ON,7.19,0.2143,FALSE,TRUE,FALSE
11/07/2025 22:19,2.57,1.12,2.99,ON,3.37,0.2153,FALSE,TRUE,FALSE
11/07/2025 22:19,2.56,0.88,2.98,ON,2.62,0.216,FALSE,TRUE,FALSE
11/07/2025 22:19,2.58,1.22,3.05,ON,3.72,0.217,FALSE,TRUE,FALSE
11/07/2025 22:19,2.53,0.39,3.03,ON,1.18,0.2174,FALSE,TRUE,FALSE
11/07/2025 22:19,2.57,1.12,3.01,ON,3.38,0.2183,FALSE,TRUE,FALSE
11/07/2025 22:19,2.58,1.22,2.95,ON,3.61,0.2193,FALSE,FALSE,FALSE
11/07/2025 22:19,2.63,1.91,3,ON,5.71,0.2209,FALSE,TRUE,FALSE
11/07/2025 22:19,2.55,0.78,3.05,ON,2.38,0.2216,FALSE,TRUE,FALSE
11/07/2025 22:19,2.53,0.49,2.97,ON,1.45,0.222,FALSE,TRUE,FALSE
11/07/2025 22:19,2.53,0.39,2.95,ON,1.15,0.2223,FALSE,FALSE,FALSE
11/07/2025 22:19,2.6,1.52,2.99,ON,4.54,0.2235,FALSE,TRUE,FALSE
11/07/2025 22:19,2.58,1.17,2.97,ON,3.49,0.2245,FALSE,TRUE,FALSE
11/07/2025 22:19,2.59,1.37,2.95,ON,4.03,0.2256,FALSE,TRUE,FALSE
11/07/2025 22:19,2.53,0.39,3.05,ON,1.19,0.226,FALSE,TRUE,FALSE
11/07/2025 22:19,2.55,0.73,2.97,ON,2.18,0.2266,FALSE,TRUE,FALSE
11/07/2025 22:19,2.58,1.22,3.01,ON,3.67,0.2276,FALSE,TRUE,FALSE
11/07/2025 22:19,2.56,0.88,3.01,ON,2.64,0.2283,FALSE,TRUE,FALSE
11/07/2025 22:19,2.59,1.42,2.95,ON,4.18,0.2295,FALSE,TRUE,FALSE
11/07/2025 22:19,2.6,1.47,2.99,ON,4.39,0.2307,FALSE,FALSE,FALSE
11/07/2025 22:19,2.58,1.22,2.99,ON,3.66,0.2317,FALSE,TRUE,FALSE
11/07/2025 22:19,2.57,1.12,3.05,ON,3.42,0.2327,FALSE,FALSE,FALSE
11/07/2025 22:19,2.58,1.17,2.94,ON,3.45,0.2336,FALSE,FALSE,FALSE
11/07/2025 22:19,2.55,0.78,2.95,ON,2.31,0.2343,FALSE,TRUE,FALSE
11/07/2025 22:19,2.53,0.39,2.99,ON,1.17,0.2346,FALSE,TRUE,FALSE
11/07/2025 22:19,2.58,1.17,3.02,ON,3.54,0.2356,FALSE,TRUE,FALSE
11/07/2025 22:19,2.61,1.61,2.94,ON,4.75,0.2369,FALSE,TRUE,FALSE
11/07/2025 22:19,2.66,2.39,2.99,ON,7.17,0.2389,FALSE,TRUE,FALSE
11/07/2025 22:19,2.65,2.3,2.89,ON,6.65,0.2407,FALSE,FALSE,FALSE
11/07/2025 22:19,2.53,0.39,2.99,ON,1.17,0.2411,FALSE,TRUE,FALSE
11/07/2025 22:19,2.53,0.39,2.98,ON,1.17,0.2414,FALSE,FALSE,FALSE
11/07/2025 22:19,2.55,0.83,3.02,ON,2.51,0.2421,FALSE,TRUE,FALSE
11/07/2025 22:19,2.53,0.44,3.02,ON,1.33,0.2424,FALSE,TRUE,FALSE
11/07/2025 22:19,2.56,0.88,3.01,ON,2.64,0.2432,FALSE,TRUE,FALSE
11/07/2025 22:19,2.61,1.61,2.99,ON,4.83,0.2445,FALSE,TRUE,FALSE
11/07/2025 22:19,2.59,1.32,2.99,ON,3.95,0.2456,FALSE,TRUE,FALSE
11/07/2025 22:19,2.58,1.22,2.99,ON,3.65,0.2466,FALSE,FALSE,FALSE
11/07/2025 22:19,2.57,1.03,2.91,ON,2.99,0.2475,FALSE,TRUE,FALSE
11/07/2025 22:19,2.57,1.03,2.99,ON,3.07,0.2483,FALSE,FALSE,FALSE
11/07/2025 22:19,2.57,1.08,3,ON,3.23,0.2492,FALSE,FALSE,FALSE
11/07/2025 22:19,2.55,0.78,2.89,ON,2.26,0.2498,FALSE,TRUE,FALSE
11/07/2025 22:19,2.5,0,3.02,OFF,0,0.2498,TRUE,TRUE,FALSE
11/07/2025 22:19,2.37,-1.91,2.94,ON,-5.61,0.2483,TRUE,TRUE,FALSE
11/07/2025 22:19,2.57,1.03,2.99,ON,3.07,0.2491,FALSE,TRUE,FALSE
11/07/2025 22:19,2.58,1.27,2.99,ON,3.8,0.2502,FALSE,TRUE,FALSE
11/07/2025 22:19,2.55,0.78,3.04,ON,2.38,0.2509,FALSE,TRUE,FALSE
11/07/2025 22:19,2.53,0.39,2.91,ON,1.14,0.2512,FALSE,TRUE,FALSE
11/07/2025 22:19,2.63,2,2.96,ON,5.93,0.2528,FALSE,TRUE,FALSE
11/07/2025 22:19,2.53,0.44,2.94,ON,1.29,0.2532,FALSE,TRUE,FALSE
11/07/2025 22:19,2.58,1.17,2.95,ON,3.46,0.2541,FALSE,TRUE,FALSE
11/07/2025 22:20,2.53,0.39,2.99,ON,1.17,0.2545,FALSE,TRUE,FALSE
11/07/2025 22:20,2.58,1.22,2.94,ON,3.59,0.2555,FALSE,TRUE,FALSE
11/07/2025 22:20,2.58,1.22,2.96,ON,3.62,0.2565,FALSE,FALSE,FALSE
11/07/2025 22:20,2.57,1.03,2.99,ON,3.07,0.2573,FALSE,TRUE,FALSE
11/07/2025 22:20,2.58,1.22,2.99,ON,3.66,0.2583,FALSE,TRUE,FALSE
11/07/2025 22:20,2.55,0.73,2.95,ON,2.16,0.2589,FALSE,TRUE,FALSE
11/07/2025 22:20,2.5,0,2.96,OFF,0,0.2589,TRUE,TRUE,FALSE
11/07/2025 22:20,2.83,4.99,2.89,ON,14.39,0.2629,TRUE,TRUE,FALSE
11/07/2025 22:20,2.54,0.54,2.99,ON,1.61,0.2634,FALSE,TRUE,FALSE
11/07/2025 22:20,2.63,1.91,2.92,ON,5.56,0.2649,FALSE,TRUE,FALSE
11/07/2025 22:20,2.66,2.39,2.99,ON,7.17,0.2669,FALSE,TRUE,FALSE
11/07/2025 22:20,2.57,1.12,2.99,ON,3.37,0.2679,FALSE,TRUE,FALSE
11/07/2025 22:20,2.58,1.22,3.05,ON,3.72,0.2689,FALSE,FALSE,FALSE
11/07/2025 22:20,2.55,0.83,2.99,ON,2.49,0.2696,FALSE,TRUE,FALSE
11/07/2025 22:20,2.58,1.17,2.93,ON,3.43,0.2705,FALSE,TRUE,FALSE
11/07/2025 22:20,2.59,1.37,2.98,ON,4.08,0.2717,FALSE,TRUE,FALSE
11/07/2025 22:20,2.55,0.83,3.02,ON,2.51,0.2724,FALSE,TRUE,FALSE
11/07/2025 22:20,2.56,0.98,2.99,ON,2.93,0.2732,FALSE,TRUE,FALSE
11/07/2025 22:20,2.63,2,2.99,ON,6,0.2748,FALSE,TRUE,FALSE
11/07/2025 22:20,2.57,1.08,2.99,ON,3.22,0.2757,FALSE,TRUE,FALSE
11/07/2025 22:20,2.55,0.83,2.97,ON,2.47,0.2764,FALSE,TRUE,FALSE
11/07/2025 22:20,2.58,1.17,2.97,ON,3.49,0.2774,FALSE,TRUE,FALSE
11/07/2025 22:20,2.58,1.17,2.99,ON,3.51,0.2784,FALSE,FALSE,FALSE
11/07/2025 22:20,2.55,0.83,2.95,ON,2.45,0.279,FALSE,TRUE,FALSE
11/07/2025 22:20,2.55,0.78,2.96,ON,2.32,0.2797,FALSE,FALSE,FALSE
11/07/2025 22:20,2.53,0.44,2.99,ON,1.32,0.2801,FALSE,TRUE,FALSE
11/07/2025 22:20,2.58,1.17,2.98,ON,3.5,0.281,FALSE,TRUE,FALSE
11/07/2025 22:20,2.51,0.2,2.99,ON,0.59,0.2812,FALSE,TRUE,FALSE
11/07/2025 22:20,2.51,0.2,2.99,ON,0.58,0.2814,FALSE,FALSE,FALSE
11/07/2025 22:20,2.59,1.32,2.93,ON,3.87,0.2824,FALSE,TRUE,FALSE
11/07/2025 22:20,2.66,2.39,2.89,ON,6.93,0.2844,FALSE,TRUE,FALSE
11/07/2025 22:20,2.59,1.37,2.99,ON,4.1,0.2855,FALSE,TRUE,FALSE
11/07/2025 22:20,2.6,1.52,2.97,ON,4.5,0.2867,FALSE,TRUE,FALSE
11/07/2025 22:20,2.57,1.03,2.96,ON,3.04,0.2876,FALSE,TRUE,FALSE
11/07/2025 22:20,2.58,1.22,2.94,ON,3.59,0.2886,FALSE,TRUE,FALSE
11/07/2025 22:20,2.59,1.37,2.94,ON,4.02,0.2897,FALSE,TRUE,FALSE
11/07/2025 22:20,2.66,2.44,2.99,ON,7.3,0.2917,FALSE,TRUE,FALSE
11/07/2025 22:20,2.57,1.08,2.98,ON,3.2,0.2926,FALSE,TRUE,FALSE
11/07/2025 22:20,2.55,0.83,2.99,ON,2.48,0.2933,FALSE,TRUE,FALSE
11/07/2025 22:20,2.47,-0.39,2.95,ON,-1.15,0.293,FALSE,TRUE,FALSE
11/07/2025 22:20,2.66,2.39,2.95,ON,7.07,0.2949,FALSE,TRUE,FALSE
11/07/2025 22:20,2.56,0.88,2.97,ON,2.61,0.2957,FALSE,TRUE,FALSE
11/07/2025 22:20,2.55,0.68,3.02,ON,2.07,0.2962,FALSE,TRUE,FALSE
11/07/2025 22:20,2.51,0.2,2.98,ON,0.58,0.2964,FALSE,TRUE,FALSE
11/07/2025 22:20,2.57,1.03,2.99,ON,3.07,0.2973,FALSE,TRUE,FALSE
11/07/2025 22:20,2.53,0.39,2.97,ON,1.16,0.2976,FALSE,TRUE,FALSE
11/07/2025 22:20,2.6,1.52,2.94,ON,4.45,0.2988,FALSE,TRUE,FALSE
11/07/2025 22:20,2.58,1.17,3.06,ON,3.59,0.2998,FALSE,TRUE,FALSE
11/07/2025 22:20,2.56,0.98,3.01,ON,2.94,0.3006,FALSE,TRUE,FALSE
11/07/2025 22:20,2.62,1.86,2.89,ON,5.36,0.3021,FALSE,TRUE,FALSE
11/07/2025 22:20,2.56,0.88,3.03,ON,2.66,0.3029,FALSE,TRUE,FALSE
11/07/2025 22:20,2.57,1.08,3,ON,3.22,0.3038,FALSE,TRUE,FALSE
11/07/2025 22:20,2.54,0.54,3.03,ON,1.63,0.3042,FALSE,TRUE,FALSE
11/07/2025 22:20,2.56,0.98,3.02,ON,2.95,0.305,FALSE,TRUE,FALSE
11/07/2025 22:20,2.57,1.03,3.03,ON,3.11,0.3059,FALSE,FALSE,FALSE
11/07/2025 22:20,2.52,0.34,3,ON,1.03,0.3062,FALSE,TRUE,FALSE
11/07/2025 22:20,2.55,0.78,2.99,ON,2.34,0.3068,FALSE,TRUE,FALSE
11/07/2025 22:20,2.59,1.32,3.02,ON,3.98,0.3079,FALSE,TRUE,FALSE
11/07/2025 22:20,2.56,0.88,3.04,ON,2.67,0.3087,FALSE,TRUE,FALSE
11/07/2025 22:20,2.55,0.73,2.99,ON,2.19,0.3093,FALSE,TRUE,FALSE
11/07/2025 22:21,2.55,0.83,2.97,ON,2.47,0.31,FALSE,FALSE,FALSE
11/07/2025 22:21,2.52,0.29,2.97,ON,0.87,0.3102,FALSE,TRUE,FALSE
11/07/2025 22:21,2.52,0.29,2.99,ON,0.88,0.3105,FALSE,FALSE,FALSE
11/07/2025 22:21,2.53,0.44,3.05,ON,1.34,0.3108,FALSE,TRUE,FALSE
11/07/2025 22:21,2.55,0.83,2.94,ON,2.44,0.3115,FALSE,TRUE,FALSE
11/07/2025 22:21,2.47,-0.39,2.96,ON,-1.16,0.3112,FALSE,TRUE,FALSE
11/07/2025 22:21,2.62,1.81,2.94,ON,5.32,0.3127,FALSE,TRUE,FALSE
11/07/2025 22:21,2.55,0.78,3.05,ON,2.38,0.3133,FALSE,TRUE,FALSE
11/07/2025 22:21,2.56,0.88,2.97,ON,2.61,0.3141,FALSE,FALSE,FALSE
11/07/2025 22:21,2.53,0.39,2.94,ON,1.15,0.3144,FALSE,TRUE,FALSE
11/07/2025 22:21,2.57,1.12,3.03,ON,3.4,0.3153,FALSE,TRUE,FALSE
11/07/2025 22:21,2.61,1.61,3.01,ON,4.85,0.3167,FALSE,TRUE,FALSE
11/07/2025 22:21,2.55,0.78,2.94,ON,2.3,0.3173,FALSE,TRUE,FALSE
11/07/2025 22:21,2.54,0.64,2.95,ON,1.88,0.3178,FALSE,TRUE,FALSE
11/07/2025 22:21,2.56,0.93,2.91,ON,2.71,0.3186,FALSE,TRUE,FALSE
11/07/2025 22:21,2.6,1.52,2.92,ON,4.42,0.3198,FALSE,TRUE,FALSE
11/07/2025 22:21,2.55,0.83,2.99,ON,2.49,0.3205,FALSE,TRUE,FALSE
11/07/2025 22:21,2.55,0.83,3.01,ON,2.5,0.3212,FALSE,FALSE,FALSE
11/07/2025 22:21,2.53,0.49,2.92,ON,1.43,0.3216,FALSE,TRUE,FALSE
11/07/2025 22:21,2.58,1.22,2.99,ON,3.66,0.3226,FALSE,TRUE,FALSE
11/07/2025 22:21,2.55,0.83,2.97,ON,2.47,0.3233,FALSE,TRUE,FALSE
11/07/2025 22:21,2.51,0.2,2.96,ON,0.58,0.3235,FALSE,TRUE,FALSE
11/07/2025 22:21,2.56,0.98,2.95,ON,2.89,0.3243,FALSE,TRUE,FALSE
11/07/2025 22:21,2.56,0.88,2.97,ON,2.61,0.325,FALSE,FALSE,FALSE
11/07/2025 22:21,2.55,0.83,2.91,ON,2.42,0.3257,FALSE,FALSE,FALSE
11/07/2025 22:21,2.58,1.17,3,ON,3.52,0.3266,FALSE,TRUE,FALSE
11/07/2025 22:21,2.56,0.98,2.99,ON,2.93,0.3274,FALSE,TRUE,FALSE
11/07/2025 22:21,2.5,0,2.89,OFF,0,0.3274,TRUE,TRUE,FALSE
11/07/2025 22:21,2.38,-1.81,3.03,ON,-5.47,0.3259,TRUE,TRUE,FALSE
11/07/2025 22:21,2.53,0.44,2.89,ON,1.27,0.3263,FALSE,TRUE,FALSE
11/07/2025 22:21,2.58,1.17,2.98,ON,3.5,0.3272,FALSE,TRUE,FALSE
11/07/2025 22:21,2.55,0.83,2.94,ON,2.44,0.3279,FALSE,TRUE,FALSE
11/07/2025 22:21,2.54,0.64,2.89,ON,1.83,0.3284,FALSE,TRUE,FALSE
11/07/2025 22:21,2.55,0.83,2.94,ON,2.44,0.3291,FALSE,TRUE,FALSE
11/07/2025 22:21,2.58,1.22,2.94,ON,3.59,0.3301,FALSE,TRUE,FALSE
11/07/2025 22:21,2.54,0.64,2.99,ON,1.9,0.3306,FALSE,TRUE,FALSE
11/07/2025 22:21,2.55,0.83,3.02,ON,2.51,0.3313,FALSE,TRUE,FALSE
11/07/2025 22:21,2.58,1.22,2.94,ON,3.59,0.3323,FALSE,TRUE,FALSE
11/07/2025 22:21,2.47,-0.39,2.99,ON,-1.17,0.332,FALSE,TRUE,FALSE
11/07/2025 22:21,2.56,0.88,3.03,ON,2.67,0.3328,FALSE,TRUE,FALSE
11/07/2025 22:21,2.55,0.73,2.96,ON,2.17,0.3334,FALSE,TRUE,FALSE
11/07/2025 22:21,2.57,1.12,2.92,ON,3.28,0.3343,FALSE,TRUE,FALSE
11/07/2025 22:21,2.59,1.32,2.95,ON,3.9,0.3353,FALSE,TRUE,FALSE
11/07/2025 22:21,2.55,0.78,2.91,ON,2.28,0.336,FALSE,TRUE,FALSE
11/07/2025 22:21,2.55,0.73,2.97,ON,2.18,0.3366,FALSE,FALSE,FALSE
11/07/2025 22:21,2.55,0.78,2.99,ON,2.34,0.3372,FALSE,FALSE,FALSE
11/07/2025 22:21,2.55,0.83,2.96,ON,2.46,0.3379,FALSE,FALSE,FALSE
11/07/2025 22:21,2.58,1.17,2.97,ON,3.48,0.3389,FALSE,TRUE,FALSE
11/07/2025 22:21,2.53,0.44,2.94,ON,1.29,0.3392,FALSE,TRUE,FALSE
11/07/2025 22:21,2.54,0.64,2.99,ON,1.9,0.3398,FALSE,TRUE,FALSE
11/07/2025 22:21,2.55,0.78,2.99,ON,2.34,0.3404,FALSE,TRUE,FALSE
11/07/2025 22:21,2.58,1.22,2.99,ON,3.66,0.3414,FALSE,TRUE,FALSE
11/07/2025 22:21,2.57,1.03,2.95,ON,3.03,0.3423,FALSE,TRUE,FALSE
11/07/2025 22:21,2.6,1.47,2.97,ON,4.35,0.3435,FALSE,TRUE,FALSE
11/07/2025 22:21,2.53,0.39,2.94,ON,1.15,0.3438,FALSE,TRUE,FALSE
11/07/2025 22:21,2.58,1.22,3.02,ON,3.69,0.3448,FALSE,TRUE,FALSE
11/07/2025 22:21,2.56,0.98,2.94,ON,2.88,0.3456,FALSE,TRUE,FALSE
11/07/2025 22:21,2.58,1.22,2.99,ON,3.66,0.3466,FALSE,TRUE,FALSE
11/07/2025 22:21,2.58,1.17,2.99,ON,3.51,0.3476,FALSE,FALSE,FALSE
11/07/2025 22:21,2.58,1.17,2.94,ON,3.44,0.3486,FALSE,FALSE,FALSE
11/07/2025 22:22,2.55,0.83,2.98,ON,2.47,0.3493,FALSE,TRUE,FALSE
11/07/2025 22:22,2.55,0.78,2.97,ON,2.32,0.3499,FALSE,FALSE,FALSE
11/07/2025 22:22,2.56,0.93,2.98,ON,2.76,0.3507,FALSE,TRUE,FALSE
11/07/2025 22:22,2.49,-0.2,2.99,ON,-0.59,0.3505,FALSE,TRUE,FALSE
11/07/2025 22:22,2.58,1.22,3.02,ON,3.69,0.3515,FALSE,TRUE,FALSE
11/07/2025 22:22,2.59,1.37,2.97,ON,4.06,0.3527,FALSE,TRUE,FALSE
11/07/2025 22:22,2.57,1.03,2.99,ON,3.07,0.3535,FALSE,TRUE,FALSE
11/07/2025 22:22,2.55,0.73,3.02,ON,2.21,0.3541,FALSE,TRUE,FALSE
11/07/2025 22:22,2.58,1.22,2.97,ON,3.63,0.3551,FALSE,TRUE,FALSE
11/07/2025 22:22,2.58,1.17,2.96,ON,3.47,0.3561,FALSE,FALSE,FALSE
11/07/2025 22:22,2.55,0.83,2.97,ON,2.47,0.3568,FALSE,TRUE,FALSE
11/07/2025 22:22,2.56,0.88,2.9,ON,2.55,0.3575,FALSE,FALSE,FALSE
11/07/2025 22:22,2.57,1.08,2.94,ON,3.16,0.3584,FALSE,TRUE,FALSE
11/07/2025 22:22,2.54,0.59,2.91,ON,1.71,0.3589,FALSE,TRUE,FALSE
11/07/2025 22:22,2.58,1.22,2.99,ON,3.66,0.3599,FALSE,TRUE,FALSE
11/07/2025 22:22,2.59,1.42,2.99,ON,4.24,0.3611,FALSE,TRUE,FALSE
11/07/2025 22:22,2.57,1.12,3,ON,3.37,0.362,FALSE,TRUE,FALSE
11/07/2025 22:22,2.57,1.03,2.96,ON,3.04,0.3628,FALSE,FALSE,FALSE
11/07/2025 22:22,2.58,1.22,2.92,ON,3.57,0.3638,FALSE,TRUE,FALSE
11/07/2025 22:22,2.55,0.83,2.99,ON,2.49,0.3645,FALSE,TRUE,FALSE
11/07/2025 22:22,2.58,1.27,2.97,ON,3.77,0.3656,FALSE,TRUE,FALSE
11/07/2025 22:22,2.56,0.88,2.92,ON,2.57,0.3663,FALSE,TRUE,FALSE
11/07/2025 22:22,2.58,1.27,2.99,ON,3.8,0.3673,FALSE,TRUE,FALSE
11/07/2025 22:22,2.58,1.27,2.93,ON,3.72,0.3684,FALSE,FALSE,FALSE
11/07/2025 22:22,2.58,1.17,2.96,ON,3.48,0.3693,FALSE,FALSE,FALSE
11/07/2025 22:22,2.55,0.83,2.97,ON,2.47,0.37,FALSE,TRUE,FALSE
11/07/2025 22:22,2.57,1.12,3,ON,3.37,0.371,FALSE,TRUE,FALSE
11/07/2025 22:22,2.58,1.22,2.98,ON,3.65,0.372,FALSE,FALSE,FALSE
11/07/2025 22:22,2.58,1.22,2.94,ON,3.59,0.373,FALSE,FALSE,FALSE
11/07/2025 22:22,2.59,1.32,2.94,ON,3.88,0.374,FALSE,FALSE,FALSE
11/07/2025 22:22,2.53,0.44,3.01,ON,1.32,0.3744,FALSE,TRUE,FALSE
11/07/2025 22:22,2.59,1.42,2.95,ON,4.18,0.3756,FALSE,TRUE,FALSE
11/07/2025 22:22,2.59,1.37,3.01,ON,4.11,0.3767,FALSE,FALSE,FALSE
11/07/2025 22:22,2.56,0.88,3.02,ON,2.66,0.3775,FALSE,TRUE,FALSE
11/07/2025 22:22,2.55,0.83,3.02,ON,2.51,0.3782,FALSE,FALSE,FALSE
11/07/2025 22:22,2.5,0,2.94,OFF,0,0.3782,TRUE,TRUE,FALSE
11/07/2025 22:22,2.81,4.69,2.89,ON,13.55,0.3819,TRUE,TRUE,FALSE
11/07/2025 22:22,2.58,1.17,2.99,ON,3.51,0.3829,FALSE,TRUE,FALSE
11/07/2025 22:22,2.59,1.37,2.94,ON,4.02,0.384,FALSE,TRUE,FALSE
11/07/2025 22:22,2.56,0.93,2.99,ON,2.78,0.3848,FALSE,TRUE,FALSE
11/07/2025 22:22,2.58,1.22,2.99,ON,3.66,0.3858,FALSE,TRUE,FALSE
11/07/2025 22:22,2.62,1.81,2.99,ON,5.41,0.3873,FALSE,TRUE,FALSE
11/07/2025 22:22,2.58,1.22,2.99,ON,3.65,0.3883,FALSE,TRUE,FALSE
11/07/2025 22:22,2.57,1.03,2.97,ON,3.05,0.3892,FALSE,TRUE,FALSE
11/07/2025 22:22,2.56,0.88,2.92,ON,2.57,0.3899,FALSE,TRUE,FALSE
11/07/2025 22:22,2.56,0.88,2.99,ON,2.63,0.3906,FALSE,FALSE,FALSE
11/07/2025 22:22,2.53,0.44,2.99,ON,1.32,0.391,FALSE,TRUE,FALSE
11/07/2025 22:22,2.6,1.56,2.89,ON,4.52,0.3922,FALSE,TRUE,FALSE
11/07/2025 22:22,2.56,0.93,3.01,ON,2.79,0.393,FALSE,TRUE,FALSE
11/07/2025 22:22,2.6,1.56,2.99,ON,4.68,0.3943,FALSE,TRUE,FALSE
11/07/2025 22:22,2.6,1.47,2.97,ON,4.35,0.3955,FALSE,FALSE,FALSE
11/07/2025 22:22,2.6,1.52,2.94,ON,4.46,0.3967,FALSE,FALSE,FALSE
11/07/2025 22:22,2.61,1.61,2.9,ON,4.68,0.398,FALSE,FALSE,FALSE
11/07/2025 22:22,2.58,1.22,2.98,ON,3.65,0.3991,FALSE,TRUE,FALSE
11/07/2025 22:22,2.58,1.22,2.99,ON,3.66,0.4001,FALSE,FALSE,FALSE
11/07/2025 22:22,2.54,0.59,2.92,ON,1.71,0.4006,FALSE,TRUE,FALSE
11/07/2025 22:22,2.58,1.22,2.99,ON,3.66,0.4016,FALSE,TRUE,FALSE
11/07/2025 22:22,2.54,0.64,2.93,ON,1.86,0.4021,FALSE,TRUE,FALSE
11/07/2025 22:22,2.55,0.78,2.98,ON,2.33,0.4027,FALSE,TRUE,FALSE
11/07/2025 22:22,2.59,1.42,3.02,ON,4.28,0.4039,FALSE,TRUE,FALSE
11/07/2025 22:23,2.55,0.78,3,ON,2.35,0.4046,FALSE,TRUE,FALSE
11/07/2025 22:23,2.59,1.42,2.94,ON,4.17,0.4057,FALSE,TRUE,FALSE
11/07/2025 22:23,2.57,1.03,2.99,ON,3.07,0.4066,FALSE,TRUE,FALSE
11/07/2025 22:23,2.58,1.22,2.99,ON,3.66,0.4076,FALSE,TRUE,FALSE
11/07/2025 22:23,2.47,-0.39,3.01,ON,-1.18,0.4073,FALSE,TRUE,FALSE
11/07/2025 22:23,2.55,0.78,2.97,ON,2.33,0.4079,FALSE,TRUE,FALSE
11/07/2025 22:23,2.53,0.44,2.92,ON,1.28,0.4083,FALSE,TRUE,FALSE
11/07/2025 22:23,2.54,0.59,2.96,ON,1.74,0.4088,FALSE,TRUE,FALSE
11/07/2025 22:23,2.62,1.81,2.92,ON,5.29,0.4102,FALSE,TRUE,FALSE
11/07/2025 22:23,2.55,0.73,2.99,ON,2.19,0.4108,FALSE,TRUE,FALSE
11/07/2025 22:23,2.58,1.22,2.94,ON,3.59,0.4118,FALSE,TRUE,FALSE
11/07/2025 22:23,2.56,0.88,3.02,ON,2.66,0.4126,FALSE,TRUE,FALSE
11/07/2025 22:23,2.58,1.17,3,ON,3.52,0.4135,FALSE,TRUE,FALSE
11/07/2025 22:23,2.47,-0.39,2.99,ON,-1.17,0.4132,FALSE,TRUE,FALSE
11/07/2025 22:23,2.58,1.22,2.97,ON,3.63,0.4142,FALSE,TRUE,FALSE
11/07/2025 22:23,2.57,1.12,2.92,ON,3.28,0.4151,FALSE,FALSE,FALSE
11/07/2025 22:23,2.59,1.37,3.01,ON,4.12,0.4163,FALSE,TRUE,FALSE
11/07/2025 22:23,2.57,1.03,3.02,ON,3.1,0.4171,FALSE,TRUE,FALSE
11/07/2025 22:23,2.54,0.59,2.94,ON,1.72,0.4176,FALSE,TRUE,FALSE
11/07/2025 22:23,2.59,1.37,2.93,ON,4.01,0.4187,FALSE,TRUE,FALSE
11/07/2025 22:23,2.53,0.39,2.92,ON,1.14,0.4191,FALSE,TRUE,FALSE
11/07/2025 22:23,2.58,1.22,2.99,ON,3.66,0.4201,FALSE,TRUE,FALSE
11/07/2025 22:23,2.55,0.73,3.01,ON,2.2,0.4207,FALSE,TRUE,FALSE
11/07/2025 22:23,2.55,0.73,3.02,ON,2.22,0.4213,FALSE,FALSE,FALSE
11/07/2025 22:23,2.55,0.83,2.99,ON,2.48,0.422,FALSE,FALSE,FALSE
11/07/2025 22:23,2.55,0.78,3,ON,2.35,0.4226,FALSE,FALSE,FALSE
11/07/2025 22:23,2.49,-0.15,2.94,ON,-0.43,0.4225,FALSE,TRUE,FALSE
11/07/2025 22:23,2.54,0.59,3.03,ON,1.77,0.423,FALSE,TRUE,FALSE
11/07/2025 22:23,2.6,1.47,2.93,ON,4.29,0.4242,FALSE,TRUE,FALSE
11/07/2025 22:23,2.55,0.83,2.97,ON,2.47,0.4249,FALSE,TRUE,FALSE
11/07/2025 22:23,2.59,1.32,2.89,ON,3.81,0.4259,FALSE,TRUE,FALSE
11/07/2025 22:23,2.55,0.78,2.91,ON,2.28,0.4266,FALSE,TRUE,FALSE
11/07/2025 22:23,2.55,0.83,3.01,ON,2.5,0.4273,FALSE,FALSE,FALSE
11/07/2025 22:23,2.55,0.73,2.96,ON,2.17,0.4279,FALSE,FALSE,FALSE
11/07/2025 22:23,2.55,0.78,2.94,ON,2.3,0.4285,FALSE,FALSE,FALSE
11/07/2025 22:23,2.56,0.93,3.04,ON,2.82,0.4293,FALSE,TRUE,FALSE
11/07/2025 22:23,2.56,0.88,3.03,ON,2.67,0.43,FALSE,FALSE,FALSE
11/07/2025 22:23,2.57,1.12,2.99,ON,3.36,0.431,FALSE,TRUE,FALSE
11/07/2025 22:23,2.58,1.22,2.97,ON,3.63,0.432,FALSE,FALSE,FALSE
11/07/2025 22:23,2.55,0.83,3.01,ON,2.5,0.4327,FALSE,TRUE,FALSE
11/07/2025 22:23,2.55,0.78,2.97,ON,2.32,0.4333,FALSE,FALSE,FALSE
11/07/2025 22:23,2.6,1.52,2.97,ON,4.5,0.4346,FALSE,TRUE,FALSE
11/07/2025 22:23,2.53,0.39,2.98,ON,1.17,0.4349,FALSE,TRUE,FALSE
11/07/2025 22:23,2.59,1.32,2.94,ON,3.88,0.436,FALSE,TRUE,FALSE
11/07/2025 22:23,2.61,1.61,2.99,ON,4.83,0.4373,FALSE,TRUE,FALSE
11/07/2025 22:23,2.58,1.27,2.89,ON,3.67,0.4383,FALSE,TRUE,FALSE
11/07/2025 22:23,2.55,0.78,3.01,ON,2.35,0.439,FALSE,TRUE,FALSE
11/07/2025 22:23,2.6,1.56,3.02,ON,4.72,0.4403,FALSE,TRUE,FALSE
11/07/2025 22:23,2.58,1.22,2.99,ON,3.66,0.4413,FALSE,TRUE,FALSE
11/07/2025 22:23,2.58,1.22,2.99,ON,3.66,0.4423,FALSE,FALSE,FALSE
11/07/2025 22:23,2.53,0.39,2.99,ON,1.17,0.4427,FALSE,TRUE,FALSE
11/07/2025 22:23,2.59,1.37,2.97,ON,4.06,0.4438,FALSE,TRUE,FALSE
11/07/2025 22:23,2.56,0.98,2.97,ON,2.9,0.4446,FALSE,TRUE,FALSE
11/07/2025 22:23,2.51,0.2,2.99,ON,0.59,0.4448,FALSE,TRUE,FALSE
11/07/2025 22:23,2.62,1.76,2.95,ON,5.19,0.4462,FALSE,TRUE,FALSE
11/07/2025 22:23,2.5,-0.05,2.99,ON,-0.15,0.4462,FALSE,TRUE,FALSE
11/07/2025 22:23,2.55,0.83,3.03,ON,2.52,0.4469,FALSE,TRUE,FALSE
11/07/2025 22:23,2.61,1.61,2.97,ON,4.8,0.4482,FALSE,TRUE,FALSE
11/07/2025 22:23,2.5,0,2.95,OFF,0,0.4482,TRUE,TRUE,FALSE
11/07/2025 22:23,2.86,5.52,2.9,ON,16.03,0.4526,TRUE,TRUE,FALSE
11/07/2025 22:24,2.57,1.12,2.98,ON,3.35,0.4536,FALSE,TRUE,FALSE
11/07/2025 22:24,2.53,0.39,2.99,ON,1.17,0.4539,FALSE,TRUE,FALSE
11/07/2025 22:24,2.59,1.42,2.92,ON,4.14,0.455,FALSE,TRUE,FALSE
11/07/2025 22:24,2.66,2.44,2.94,ON,7.19,0.457,FALSE,TRUE,FALSE
11/07/2025 22:24,2.57,1.08,2.95,ON,3.17,0.4579,FALSE,TRUE,FALSE
11/07/2025 22:24,2.54,0.54,2.94,ON,1.58,0.4584,FALSE,TRUE,FALSE
11/07/2025 22:24,2.5,0,2.98,OFF,0,0.4584,TRUE,TRUE,FALSE
11/07/2025 22:24,2.86,5.47,2.99,ON,16.39,0.4629,TRUE,TRUE,FALSE
11/07/2025 22:24,2.5,0,2.93,OFF,0,0.4629,TRUE,TRUE,FALSE
11/07/2025 22:24,2.86,5.52,2.94,ON,16.25,0.4674,TRUE,TRUE,FALSE
11/07/2025 22:24,2.58,1.22,2.95,ON,3.61,0.4684,FALSE,TRUE,FALSE
11/07/2025 22:24,2.58,1.22,2.89,ON,3.53,0.4694,FALSE,FALSE,FALSE
11/07/2025 22:24,2.53,0.49,2.94,ON,1.44,0.4698,FALSE,TRUE,FALSE
11/07/2025 22:24,2.55,0.78,2.99,ON,2.34,0.4705,FALSE,TRUE,FALSE
11/07/2025 22:24,2.58,1.22,2.99,ON,3.66,0.4715,FALSE,TRUE,FALSE
11/07/2025 22:24,2.56,0.98,2.99,ON,2.92,0.4723,FALSE,TRUE,FALSE
11/07/2025 22:24,2.53,0.39,2.89,ON,1.13,0.4726,FALSE,TRUE,FALSE
11/07/2025 22:24,2.58,1.22,3.02,ON,3.69,0.4736,FALSE,TRUE,FALSE
11/07/2025 22:24,2.57,1.08,2.9,ON,3.12,0.4745,FALSE,TRUE,FALSE
11/07/2025 22:24,2.47,-0.39,2.94,ON,-1.15,0.4742,FALSE,TRUE,FALSE
11/07/2025 22:24,2.58,1.27,2.96,ON,3.77,0.4752,FALSE,TRUE,FALSE
11/07/2025 22:24,2.58,1.17,2.93,ON,3.44,0.4762,FALSE,FALSE,FALSE
11/07/2025 22:24,2.58,1.17,2.99,ON,3.51,0.4772,FALSE,FALSE,FALSE
11/07/2025 22:24,2.59,1.42,2.94,ON,4.17,0.4783,FALSE,TRUE,FALSE
11/07/2025 22:24,2.55,0.73,3.01,ON,2.21,0.4789,FALSE,TRUE,FALSE
11/07/2025 22:24,2.61,1.61,2.92,ON,4.71,0.4802,FALSE,TRUE,FALSE
11/07/2025 22:24,2.56,0.98,2.97,ON,2.9,0.481,FALSE,TRUE,FALSE
11/07/2025 22:24,2.55,0.78,2.98,ON,2.33,0.4817,FALSE,TRUE,FALSE
11/07/2025 22:24,2.5,0,2.99,OFF,0,0.4817,TRUE,TRUE,FALSE
11/07/2025 22:24,2.89,5.87,2.96,ON,17.37,0.4865,TRUE,TRUE,FALSE
11/07/2025 22:24,2.55,0.73,2.98,ON,2.19,0.4871,FALSE,TRUE,FALSE
11/07/2025 22:24,2.53,0.44,2.99,ON,1.32,0.4875,FALSE,TRUE,FALSE
11/07/2025 22:24,2.58,1.17,2.96,ON,3.48,0.4884,FALSE,TRUE,FALSE
11/07/2025 22:24,2.53,0.44,2.98,ON,1.31,0.4888,FALSE,TRUE,FALSE
11/07/2025 22:24,2.56,0.93,2.96,ON,2.75,0.4896,FALSE,TRUE,FALSE
11/07/2025 22:24,2.57,1.03,2.99,ON,3.07,0.4904,FALSE,FALSE,FALSE
11/07/2025 22:24,2.59,1.32,2.99,ON,3.95,0.4915,FALSE,TRUE,FALSE
11/07/2025 22:24,2.6,1.52,2.97,ON,4.5,0.4928,FALSE,TRUE,FALSE
11/07/2025 22:24,2.54,0.59,2.98,ON,1.75,0.4933,FALSE,TRUE,FALSE
11/07/2025 22:24,2.55,0.68,2.99,ON,2.05,0.4938,FALSE,FALSE,FALSE
11/07/2025 22:24,2.61,1.61,2.97,ON,4.79,0.4952,FALSE,TRUE,FALSE
11/07/2025 22:24,2.6,1.47,2.98,ON,4.37,0.4964,FALSE,TRUE,FALSE
11/07/2025 22:24,2.54,0.59,2.9,ON,1.7,0.4968,FALSE,TRUE,FALSE
11/07/2025 22:24,2.55,0.78,2.96,ON,2.32,0.4975,FALSE,TRUE,FALSE
11/07/2025 22:24,2.55,0.78,2.95,ON,2.3,0.4981,FALSE,FALSE,FALSE
11/07/2025 22:24,2.61,1.61,2.98,ON,4.8,0.4995,FALSE,TRUE,FALSE
11/07/2025 22:24,2.55,0.78,2.96,ON,2.32,0.5001,FALSE,TRUE,FALSE
11/07/2025 22:24,2.59,1.32,2.99,ON,3.95,0.5012,FALSE,TRUE,FALSE
11/07/2025 22:24,2.57,1.08,2.96,ON,3.19,0.5021,FALSE,TRUE,FALSE
11/07/2025 22:24,2.53,0.44,2.98,ON,1.31,0.5025,FALSE,TRUE,FALSE
11/07/2025 22:24,2.55,0.78,2.96,ON,2.32,0.5031,FALSE,TRUE,FALSE
11/07/2025 22:24,2.59,1.32,2.99,ON,3.95,0.5042,FALSE,TRUE,FALSE
11/07/2025 22:24,2.55,0.78,2.99,ON,2.34,0.5048,FALSE,TRUE,FALSE
11/07/2025 22:24,2.58,1.22,2.91,ON,3.56,0.5058,FALSE,TRUE,FALSE
11/07/2025 22:24,2.58,1.17,2.99,ON,3.51,0.5068,FALSE,FALSE,FALSE
11/07/2025 22:24,2.67,2.64,2.93,ON,7.73,0.509,FALSE,TRUE,FALSE
11/07/2025 22:24,2.59,1.42,2.97,ON,4.21,0.5101,FALSE,TRUE,FALSE
11/07/2025 22:24,2.53,0.44,3.01,ON,1.33,0.5105,FALSE,TRUE,FALSE
11/07/2025 22:24,2.47,-0.39,2.94,ON,-1.15,0.5102,FALSE,TRUE,FALSE
11/07/2025 22:24,2.63,2,2.94,ON,5.9,0.5118,FALSE,TRUE,FALSE
11/07/2025 22:25,2.58,1.22,2.99,ON,3.66,0.5128,FALSE,TRUE,FALSE
11/07/2025 22:25,2.55,0.83,2.99,ON,2.49,0.5135,FALSE,TRUE,FALSE
11/07/2025 22:25,2.53,0.44,2.9,ON,1.28,0.5139,FALSE,TRUE,FALSE
11/07/2025 22:25,2.58,1.22,2.94,ON,3.59,0.5149,FALSE,TRUE,FALSE
11/07/2025 22:25,2.53,0.39,2.92,ON,1.14,0.5152,FALSE,TRUE,FALSE
11/07/2025 22:25,2.53,0.39,3.01,ON,1.18,0.5155,FALSE,FALSE,FALSE
11/07/2025 22:25,2.55,0.73,2.98,ON,2.19,0.5161,FALSE,TRUE,FALSE
11/07/2025 22:25,2.53,0.44,2.99,ON,1.32,0.5165,FALSE,TRUE,FALSE
11/07/2025 22:25,2.56,0.98,3.01,ON,2.95,0.5173,FALSE,TRUE,FALSE
11/07/2025 22:25,2.6,1.52,2.92,ON,4.43,0.5185,FALSE,TRUE,FALSE
11/07/2025 22:25,2.58,1.17,2.89,ON,3.39,0.5195,FALSE,TRUE,FALSE
11/07/2025 22:25,2.58,1.27,2.89,ON,3.67,0.5205,FALSE,FALSE,FALSE
11/07/2025 22:25,2.6,1.52,2.97,ON,4.5,0.5217,FALSE,TRUE,FALSE
11/07/2025 22:25,2.59,1.37,2.97,ON,4.06,0.5229,FALSE,TRUE,FALSE
11/07/2025 22:25,2.59,1.32,2.99,ON,3.95,0.524,FALSE,FALSE,FALSE
11/07/2025 22:25,2.61,1.61,2.96,ON,4.78,0.5253,FALSE,TRUE,FALSE
11/07/2025 22:25,2.58,1.22,2.94,ON,3.59,0.5263,FALSE,TRUE,FALSE
11/07/2025 22:25,2.57,1.03,3,ON,3.08,0.5271,FALSE,TRUE,FALSE
11/07/2025 22:25,2.53,0.39,2.94,ON,1.15,0.5275,FALSE,TRUE,FALSE
11/07/2025 22:25,2.58,1.17,2.99,ON,3.51,0.5284,FALSE,TRUE,FALSE
11/07/2025 22:25,2.59,1.42,2.95,ON,4.18,0.5296,FALSE,TRUE,FALSE
11/07/2025 22:25,2.58,1.22,2.95,ON,3.6,0.5306,FALSE,TRUE,FALSE
11/07/2025 22:25,2.54,0.59,2.96,ON,1.74,0.5311,FALSE,TRUE,FALSE
11/07/2025 22:25,2.55,0.83,2.99,ON,2.49,0.5318,FALSE,TRUE,FALSE
11/07/2025 22:25,2.55,0.83,2.99,ON,2.49,0.5325,FALSE,FALSE,FALSE
11/07/2025 22:25,2.55,0.83,2.95,ON,2.45,0.5331,FALSE,FALSE,FALSE
11/07/2025 22:25,2.61,1.66,2.94,ON,4.88,0.5345,FALSE,TRUE,FALSE
11/07/2025 22:25,2.55,0.78,3.02,ON,2.36,0.5352,FALSE,TRUE,FALSE
11/07/2025 22:25,2.53,0.39,2.94,ON,1.15,0.5355,FALSE,TRUE,FALSE
11/07/2025 22:25,2.58,1.22,2.99,ON,3.66,0.5365,FALSE,TRUE,FALSE
11/07/2025 22:25,2.58,1.22,2.97,ON,3.63,0.5375,FALSE,FALSE,FALSE
11/07/2025 22:25,2.5,0,2.99,OFF,0,0.5375,TRUE,TRUE,FALSE
11/07/2025 22:25,2.84,5.13,2.92,ON,14.98,0.5417,TRUE,TRUE,FALSE
11/07/2025 22:25,2.57,1.12,3.01,ON,3.38,0.5426,FALSE,TRUE,FALSE
11/07/2025 22:25,2.55,0.83,3,ON,2.49,0.5433,FALSE,TRUE,FALSE
11/07/2025 22:25,2.56,0.98,2.98,ON,2.91,0.5441,FALSE,TRUE,FALSE
11/07/2025 22:25,2.58,1.22,2.95,ON,3.6,0.5451,FALSE,TRUE,FALSE
11/07/2025 22:25,2.58,1.22,2.94,ON,3.59,0.5461,FALSE,FALSE,FALSE
11/07/2025 22:25,2.58,1.22,2.96,ON,3.61,0.5471,FALSE,FALSE,FALSE
11/07/2025 22:25,2.57,1.12,3,ON,3.38,0.548,FALSE,FALSE,FALSE
11/07/2025 22:25,2.56,0.98,2.95,ON,2.88,0.5488,FALSE,TRUE,FALSE
11/07/2025 22:25,2.6,1.52,3.01,ON,4.56,0.5501,FALSE,TRUE,FALSE
11/07/2025 22:25,2.56,0.98,2.99,ON,2.93,0.5509,FALSE,TRUE,FALSE
11/07/2025 22:25,2.55,0.83,2.94,ON,2.44,0.5516,FALSE,TRUE,FALSE
11/07/2025 22:25,2.56,0.93,2.99,ON,2.78,0.5524,FALSE,FALSE,FALSE
11/07/2025 22:25,2.58,1.27,2.99,ON,3.8,0.5534,FALSE,TRUE,FALSE
11/07/2025 22:25,2.56,0.88,2.99,ON,2.63,0.5542,FALSE,TRUE,FALSE
11/07/2025 22:25,2.57,1.08,2.97,ON,3.19,0.555,FALSE,TRUE,FALSE
11/07/2025 22:25,2.5,0,2.91,OFF,0,0.555,TRUE,TRUE,FALSE
11/07/2025 22:25,2.78,4.3,2.94,ON,12.65,0.5586,TRUE,TRUE,FALSE
11/07/2025 22:25,2.56,0.93,3.03,ON,2.81,0.5593,FALSE,TRUE,FALSE
11/07/2025 22:25,2.55,0.78,2.94,ON,2.3,0.56,FALSE,TRUE,FALSE
11/07/2025 22:25,2.55,0.78,2.98,ON,2.33,0.5606,FALSE,FALSE,FALSE
11/07/2025 22:25,2.56,0.88,2.98,ON,2.62,0.5614,FALSE,FALSE,FALSE
11/07/2025 22:25,2.58,1.22,3.02,ON,3.69,0.5624,FALSE,TRUE,FALSE
11/07/2025 22:25,2.57,1.12,3,ON,3.37,0.5633,FALSE,FALSE,FALSE
11/07/2025 22:25,2.57,1.12,3.01,ON,3.39,0.5643,FALSE,FALSE,FALSE
11/07/2025 22:25,2.57,1.12,2.97,ON,3.34,0.5652,FALSE,FALSE,FALSE
11/07/2025 22:25,2.61,1.61,2.94,ON,4.75,0.5665,FALSE,TRUE,FALSE
11/07/2025 22:25,2.55,0.78,2.99,ON,2.34,0.5672,FALSE,TRUE,FALSE
11/07/2025 22:26,2.51,0.2,2.99,ON,0.58,0.5673,FALSE,TRUE,FALSE
11/07/2025 22:26,2.59,1.32,2.95,ON,3.9,0.5684,FALSE,TRUE,FALSE
11/07/2025 22:26,2.47,-0.39,2.99,ON,-1.17,0.5681,FALSE,TRUE,FALSE
11/07/2025 22:26,2.58,1.22,2.92,ON,3.57,0.5691,FALSE,TRUE,FALSE
11/07/2025 22:26,2.55,0.78,2.94,ON,2.3,0.5697,FALSE,TRUE,FALSE
11/07/2025 22:26,2.57,1.12,2.95,ON,3.32,0.5706,FALSE,TRUE,FALSE
11/07/2025 22:26,2.55,0.83,2.99,ON,2.49,0.5713,FALSE,TRUE,FALSE
11/07/2025 22:26,2.61,1.61,2.94,ON,4.75,0.5726,FALSE,TRUE,FALSE
11/07/2025 22:26,2.54,0.54,2.94,ON,1.58,0.5731,FALSE,TRUE,FALSE
11/07/2025 22:26,2.6,1.56,2.97,ON,4.64,0.5744,FALSE,TRUE,FALSE
11/07/2025 22:26,2.53,0.44,2.99,ON,1.32,0.5747,FALSE,TRUE,FALSE
11/07/2025 22:26,2.56,0.98,3,ON,2.93,0.5755,FALSE,TRUE,FALSE
11/07/2025 22:26,2.53,0.39,2.94,ON,1.15,0.5759,FALSE,TRUE,FALSE
11/07/2025 22:26,2.59,1.32,2.96,ON,3.9,0.5769,FALSE,TRUE,FALSE
11/07/2025 22:26,2.58,1.22,2.99,ON,3.66,0.578,FALSE,FALSE,FALSE
11/07/2025 22:26,2.57,1.08,2.99,ON,3.22,0.5789,FALSE,TRUE,FALSE
11/07/2025 22:26,2.55,0.83,3.02,ON,2.51,0.5796,FALSE,TRUE,FALSE
11/07/2025 22:26,2.57,1.08,2.99,ON,3.22,0.5805,FALSE,TRUE,FALSE
11/07/2025 22:26,2.6,1.52,2.92,ON,4.43,0.5817,FALSE,TRUE,FALSE
11/07/2025 22:26,2.58,1.22,2.9,ON,3.55,0.5827,FALSE,TRUE,FALSE
11/07/2025 22:26,2.6,1.56,2.9,ON,4.54,0.5839,FALSE,TRUE,FALSE
11/07/2025 22:26,2.53,0.44,2.97,ON,1.31,0.5843,FALSE,TRUE,FALSE
11/07/2025 22:26,2.53,0.39,2.91,ON,1.14,0.5846,FALSE,FALSE,FALSE
11/07/2025 22:26,2.58,1.22,2.95,ON,3.61,0.5856,FALSE,TRUE,FALSE
11/07/2025 22:26,2.57,1.08,3.01,ON,3.23,0.5865,FALSE,TRUE,FALSE
11/07/2025 22:26,2.58,1.17,2.94,ON,3.45,0.5875,FALSE,FALSE,FALSE
11/07/2025 22:26,2.58,1.17,2.94,ON,3.45,0.5884,FALSE,FALSE,FALSE
11/07/2025 22:26,2.58,1.27,2.93,ON,3.72,0.5895,FALSE,FALSE,FALSE
11/07/2025 22:26,2.56,0.98,3.01,ON,2.94,0.5903,FALSE,TRUE,FALSE
11/07/2025 22:26,2.56,0.98,2.94,ON,2.87,0.5911,FALSE,FALSE,FALSE
11/07/2025 22:26,2.53,0.49,2.95,ON,1.44,0.5915,FALSE,TRUE,FALSE
11/07/2025 22:26,2.58,1.27,2.93,ON,3.72,0.5925,FALSE,TRUE,FALSE
11/07/2025 22:26,2.57,1.03,2.9,ON,2.97,0.5933,FALSE,TRUE,FALSE
11/07/2025 22:26,2.6,1.56,2.97,ON,4.65,0.5946,FALSE,TRUE,FALSE
11/07/2025 22:26,2.59,1.42,2.99,ON,4.24,0.5958,FALSE,TRUE,FALSE
11/07/2025 22:26,2.57,1.12,2.92,ON,3.28,0.5967,FALSE,TRUE,FALSE
11/07/2025 22:26,2.58,1.27,2.98,ON,3.79,0.5978,FALSE,TRUE,FALSE
11/07/2025 22:26,2.58,1.22,2.94,ON,3.59,0.5988,FALSE,FALSE,FALSE
11/07/2025 22:26,2.58,1.22,2.95,ON,3.61,0.5998,FALSE,FALSE,FALSE
11/07/2025 22:26,2.55,0.83,2.98,ON,2.47,0.6005,FALSE,TRUE,FALSE
11/07/2025 22:26,2.53,0.39,2.99,ON,1.17,0.6008,FALSE,TRUE,FALSE
11/07/2025 22:26,2.56,0.98,2.98,ON,2.91,0.6016,FALSE,TRUE,FALSE
11/07/2025 22:26,2.57,1.08,2.94,ON,3.16,0.6025,FALSE,FALSE,FALSE
11/07/2025 22:26,2.6,1.56,2.96,ON,4.64,0.6038,FALSE,TRUE,FALSE
11/07/2025 22:26,2.51,0.2,2.97,ON,0.58,0.6039,FALSE,TRUE,FALSE
11/07/2025 22:26,2.53,0.39,2.94,ON,1.15,0.6042,FALSE,TRUE,FALSE
11/07/2025 22:26,2.58,1.22,2.92,ON,3.56,0.6052,FALSE,TRUE,FALSE
11/07/2025 22:26,2.61,1.61,2.92,ON,4.7,0.6065,FALSE,TRUE,FALSE
11/07/2025 22:26,2.56,0.93,2.9,ON,2.69,0.6073,FALSE,TRUE,FALSE
11/07/2025 22:26,2.56,0.98,2.99,ON,2.93,0.6081,FALSE,FALSE,FALSE
11/07/2025 22:26,2.56,0.93,2.99,ON,2.78,0.6089,FALSE,FALSE,FALSE
11/07/2025 22:26,2.55,0.73,2.96,ON,2.17,0.6095,FALSE,TRUE,FALSE
11/07/2025 22:26,2.63,2,2.9,ON,5.82,0.6111,FALSE,TRUE,FALSE
11/07/2025 22:26,2.58,1.17,2.96,ON,3.48,0.6121,FALSE,TRUE,FALSE
11/07/2025 22:26,2.55,0.83,3.01,ON,2.5,0.6127,FALSE,TRUE,FALSE
11/07/2025 22:26,2.6,1.52,2.9,ON,4.4,0.614,FALSE,TRUE,FALSE
11/07/2025 22:26,2.57,1.03,3,ON,3.08,0.6148,FALSE,TRUE,FALSE
11/07/2025 22:26,2.55,0.83,2.99,ON,2.49,0.6155,FALSE,TRUE,FALSE
11/07/2025 22:26,2.57,1.03,2.97,ON,3.05,0.6164,FALSE,TRUE,FALSE
11/07/2025 22:26,2.54,0.59,2.95,ON,1.73,0.6168,FALSE,TRUE,FALSE
11/07/2025 22:27,2.55,0.78,2.91,ON,2.28,0.6175,FALSE,TRUE,FALSE
11/07/2025 22:27,2.55,0.78,2.99,ON,2.34,0.6181,FALSE,FALSE,FALSE
11/07/2025 22:27,2.6,1.47,2.98,ON,4.37,0.6193,FALSE,TRUE,FALSE
11/07/2025 22:27,2.53,0.44,2.99,ON,1.32,0.6197,FALSE,TRUE,FALSE
11/07/2025 22:27,2.55,0.83,2.99,ON,2.48,0.6204,FALSE,TRUE,FALSE
11/07/2025 22:27,2.56,0.93,2.98,ON,2.77,0.6212,FALSE,FALSE,FALSE
11/07/2025 22:27,2.58,1.17,2.96,ON,3.48,0.6221,FALSE,TRUE,FALSE
11/07/2025 22:27,2.59,1.32,3.02,ON,3.98,0.6232,FALSE,TRUE,FALSE
11/07/2025 22:27,2.47,-0.39,2.99,ON,-1.17,0.6229,FALSE,TRUE,FALSE
11/07/2025 22:27,2.56,0.93,3.02,ON,2.8,0.6237,FALSE,TRUE,FALSE
11/07/2025 22:27,2.55,0.78,2.94,ON,2.3,0.6243,FALSE,TRUE,FALSE
11/07/2025 22:27,2.56,0.98,2.94,ON,2.88,0.6251,FALSE,TRUE,FALSE
11/07/2025 22:27,2.53,0.39,2.95,ON,1.16,0.6254,FALSE,TRUE,FALSE
11/07/2025 22:27,2.55,0.83,2.95,ON,2.45,0.6261,FALSE,TRUE,FALSE
11/07/2025 22:27,2.58,1.27,2.93,ON,3.72,0.6272,FALSE,TRUE,FALSE
11/07/2025 22:27,2.55,0.83,2.97,ON,2.47,0.6278,FALSE,TRUE,FALSE
11/07/2025 22:27,2.61,1.66,3,ON,4.98,0.6292,FALSE,TRUE,FALSE
11/07/2025 22:27,2.54,0.59,2.94,ON,1.72,0.6297,FALSE,TRUE,FALSE
11/07/2025 22:27,2.56,0.93,2.98,ON,2.77,0.6305,FALSE,TRUE,FALSE
11/07/2025 22:27,2.55,0.73,2.99,ON,2.19,0.6311,FALSE,TRUE,FALSE
11/07/2025 22:27,2.58,1.22,2.98,ON,3.64,0.6321,FALSE,TRUE,FALSE
11/07/2025 22:27,2.53,0.44,2.99,ON,1.32,0.6325,FALSE,TRUE,FALSE
11/07/2025 22:27,2.5,0,2.99,OFF,0,0.6325,TRUE,TRUE,FALSE
11/07/2025 22:27,2.37,-1.91,3.05,ON,-5.8,0.6309,TRUE,TRUE,FALSE
11/07/2025 22:27,2.54,0.59,2.91,ON,1.7,0.6313,FALSE,TRUE,FALSE
11/07/2025 22:27,2.55,0.83,2.96,ON,2.46,0.632,FALSE,TRUE,FALSE
11/07/2025 22:27,2.55,0.78,2.97,ON,2.32,0.6327,FALSE,FALSE,FALSE
11/07/2025 22:27,2.55,0.83,2.99,ON,2.49,0.6333,FALSE,FALSE,FALSE
11/07/2025 22:27,2.57,1.08,2.95,ON,3.18,0.6342,FALSE,TRUE,FALSE
11/07/2025 22:27,2.56,0.98,2.97,ON,2.9,0.635,FALSE,FALSE,FALSE
11/07/2025 22:27,2.58,1.17,2.94,ON,3.44,0.636,FALSE,TRUE,FALSE
11/07/2025 22:27,2.57,1.03,3.01,ON,3.09,0.6368,FALSE,TRUE,FALSE
11/07/2025 22:27,2.56,0.93,2.95,ON,2.74,0.6376,FALSE,FALSE,FALSE
11/07/2025 22:27,2.58,1.22,2.92,ON,3.56,0.6386,FALSE,TRUE,FALSE
11/07/2025 22:27,2.58,1.22,2.99,ON,3.66,0.6396,FALSE,FALSE,FALSE
11/07/2025 22:27,2.59,1.42,3,ON,4.25,0.6408,FALSE,TRUE,FALSE
11/07/2025 22:27,2.53,0.39,2.89,ON,1.13,0.6411,FALSE,TRUE,FALSE
11/07/2025 22:27,2.55,0.73,3,ON,2.2,0.6417,FALSE,TRUE,FALSE
11/07/2025 22:27,2.55,0.68,2.94,ON,2.01,0.6423,FALSE,FALSE,FALSE
11/07/2025 22:27,2.53,0.39,2.95,ON,1.15,0.6426,FALSE,TRUE,FALSE
11/07/2025 22:27,2.55,0.73,2.94,ON,2.15,0.6432,FALSE,TRUE,FALSE
11/07/2025 22:27,2.55,0.78,2.94,ON,2.3,0.6438,FALSE,FALSE,FALSE
11/07/2025 22:27,2.63,2,2.95,ON,5.91,0.6455,FALSE,TRUE,FALSE
11/07/2025 22:27,2.57,1.08,2.99,ON,3.22,0.6464,FALSE,TRUE,FALSE
11/07/2025 22:27,2.51,0.2,2.97,ON,0.58,0.6465,FALSE,TRUE,FALSE
11/07/2025 22:27,2.5,0,2.94,OFF,0,0.6465,TRUE,TRUE,FALSE
11/07/2025 22:27,2.88,5.72,2.95,ON,16.88,0.6512,TRUE,TRUE,FALSE
11/07/2025 22:27,2.59,1.37,2.93,ON,4.01,0.6523,FALSE,TRUE,FALSE
11/07/2025 22:27,2.58,1.17,3,ON,3.52,0.6533,FALSE,TRUE,FALSE
11/07/2025 22:27,2.57,1.03,3.02,ON,3.1,0.6542,FALSE,TRUE,FALSE
11/07/2025 22:27,2.6,1.52,2.92,ON,4.42,0.6554,FALSE,TRUE,FALSE
11/07/2025 22:27,2.58,1.22,2.95,ON,3.61,0.6564,FALSE,TRUE,FALSE
11/07/2025 22:27,2.58,1.17,2.93,ON,3.43,0.6574,FALSE,FALSE,FALSE
11/07/2025 22:27,2.56,0.93,2.94,ON,2.73,0.6581,FALSE,TRUE,FALSE
11/07/2025 22:27,2.57,1.12,2.99,ON,3.37,0.659,FALSE,TRUE,FALSE
11/07/2025 22:27,2.58,1.27,2.97,ON,3.77,0.6601,FALSE,TRUE,FALSE
11/07/2025 22:27,2.55,0.83,2.99,ON,2.49,0.6608,FALSE,TRUE,FALSE
11/07/2025 22:27,2.56,0.98,3,ON,2.93,0.6616,FALSE,TRUE,FALSE
11/07/2025 22:27,2.57,1.03,2.99,ON,3.07,0.6625,FALSE,FALSE,FALSE
11/07/2025 22:27,2.62,1.81,2.93,ON,5.3,0.6639,FALSE,TRUE,FALSE
11/07/2025 22:28,2.55,0.83,2.89,ON,2.4,0.6646,FALSE,TRUE,FALSE
11/07/2025 22:28,2.58,1.17,2.99,ON,3.51,0.6656,FALSE,TRUE,FALSE
11/07/2025 22:28,2.58,1.22,2.91,ON,3.56,0.6666,FALSE,FALSE,FALSE
11/07/2025 22:28,2.53,0.44,3.01,ON,1.32,0.6669,FALSE,TRUE,FALSE
11/07/2025 22:28,2.54,0.59,2.99,ON,1.75,0.6674,FALSE,TRUE,FALSE
11/07/2025 22:28,2.55,0.83,2.95,ON,2.46,0.6681,FALSE,TRUE,FALSE
11/07/2025 22:28,2.55,0.78,2.94,ON,2.3,0.6687,FALSE,FALSE,FALSE
11/07/2025 22:28,2.55,0.78,2.94,ON,2.3,0.6694,FALSE,FALSE,FALSE
11/07/2025 22:28,2.58,1.22,3.02,ON,3.69,0.6704,FALSE,TRUE,FALSE
11/07/2025 22:28,2.58,1.27,2.94,ON,3.74,0.6714,FALSE,FALSE,FALSE
11/07/2025 22:28,2.55,0.83,2.94,ON,2.44,0.6721,FALSE,TRUE,FALSE
11/07/2025 22:28,2.57,1.12,2.99,ON,3.37,0.673,FALSE,TRUE,FALSE
11/07/2025 22:28,2.53,0.44,3.02,ON,1.33,0.6734,FALSE,TRUE,FALSE
11/07/2025 22:28,2.53,0.39,2.89,ON,1.13,0.6737,FALSE,FALSE,FALSE
11/07/2025 22:28,2.58,1.22,2.9,ON,3.54,0.6747,FALSE,TRUE,FALSE
11/07/2025 22:28,2.55,0.83,2.99,ON,2.48,0.6754,FALSE,TRUE,FALSE
11/07/2025 22:28,2.64,2.1,2.97,ON,6.24,0.6771,FALSE,TRUE,FALSE
11/07/2025 22:28,2.56,0.88,2.99,ON,2.63,0.6779,FALSE,TRUE,FALSE
11/07/2025 22:28,2.57,1.12,2.97,ON,3.34,0.6788,FALSE,TRUE,FALSE
11/07/2025 22:28,2.56,0.98,2.95,ON,2.88,0.6796,FALSE,TRUE,FALSE
11/07/2025 22:28,2.53,0.39,2.91,ON,1.14,0.6799,FALSE,TRUE,FALSE
11/07/2025 22:28,2.56,0.93,2.97,ON,2.76,0.6807,FALSE,TRUE,FALSE
11/07/2025 22:28,2.58,1.22,3.02,ON,3.69,0.6817,FALSE,TRUE,FALSE
11/07/2025 22:28,2.56,0.98,2.99,ON,2.93,0.6825,FALSE,TRUE,FALSE
11/07/2025 22:28,2.56,0.93,2.99,ON,2.78,0.6833,FALSE,FALSE,FALSE
11/07/2025 22:28,2.58,1.17,2.9,ON,3.4,0.6842,FALSE,TRUE,FALSE
11/07/2025 22:28,2.56,0.88,2.98,ON,2.62,0.685,FALSE,TRUE,FALSE
11/07/2025 22:28,2.55,0.78,3,ON,2.35,0.6856,FALSE,FALSE,FALSE
11/07/2025 22:28,2.55,0.68,2.97,ON,2.03,0.6862,FALSE,FALSE,FALSE
11/07/2025 22:28,2.53,0.39,2.96,ON,1.16,0.6865,FALSE,TRUE,FALSE
11/07/2025 22:28,2.5,0,2.96,OFF,0,0.6865,TRUE,TRUE,FALSE
11/07/2025 22:28,2.88,5.72,2.91,ON,16.66,0.6911,TRUE,TRUE,FALSE
11/07/2025 22:28,2.58,1.22,3.01,ON,3.67,0.6921,FALSE,TRUE,FALSE
11/07/2025 22:28,2.58,1.27,2.95,ON,3.75,0.6932,FALSE,FALSE,FALSE
11/07/2025 22:28,2.58,1.22,2.93,ON,3.58,0.6942,FALSE,FALSE,FALSE
11/07/2025 22:28,2.58,1.22,2.97,ON,3.63,0.6952,FALSE,FALSE,FALSE
11/07/2025 22:28,2.58,1.22,2.97,ON,3.63,0.6962,FALSE,FALSE,FALSE
11/07/2025 22:28,2.55,0.83,2.94,ON,2.44,0.6969,FALSE,TRUE,FALSE
11/07/2025 22:28,2.58,1.17,2.95,ON,3.46,0.6978,FALSE,TRUE,FALSE
11/07/2025 22:28,2.55,0.83,2.97,ON,2.47,0.6985,FALSE,TRUE,FALSE
11/07/2025 22:28,2.55,0.83,3.01,ON,2.5,0.6992,FALSE,FALSE,FALSE
11/07/2025 22:28,2.53,0.44,2.99,ON,1.32,0.6996,FALSE,TRUE,FALSE
11/07/2025 22:28,2.54,0.64,2.94,ON,1.87,0.7001,FALSE,TRUE,FALSE
11/07/2025 22:28,2.53,0.44,2.91,ON,1.28,0.7005,FALSE,TRUE,FALSE
11/07/2025 22:28,2.59,1.37,2.95,ON,4.04,0.7016,FALSE,TRUE,FALSE
11/07/2025 22:28,2.5,0,2.99,OFF,0,0.7016,TRUE,TRUE,FALSE
11/07/2025 22:28,2.89,5.91,2.94,ON,17.4,0.7064,TRUE,TRUE,FALSE
11/07/2025 22:28,2.56,0.98,2.95,ON,2.89,0.7072,FALSE,TRUE,FALSE
11/07/2025 22:28,2.62,1.81,2.96,ON,5.36,0.7087,FALSE,TRUE,FALSE
11/07/2025 22:28,2.53,0.44,2.94,ON,1.29,0.7091,FALSE,TRUE,FALSE
11/07/2025 22:28,2.61,1.61,2.94,ON,4.75,0.7104,FALSE,TRUE,FALSE
11/07/2025 22:28,2.53,0.39,2.99,ON,1.17,0.7107,FALSE,TRUE,FALSE
11/07/2025 22:28,2.47,-0.39,2.94,ON,-1.15,0.7104,FALSE,TRUE,FALSE
11/07/2025 22:28,2.55,0.78,2.99,ON,2.34,0.711,FALSE,TRUE,FALSE
11/07/2025 22:28,2.58,1.22,2.93,ON,3.58,0.712,FALSE,TRUE,FALSE
11/07/2025 22:28,2.58,1.22,3.01,ON,3.67,0.7131,FALSE,FALSE,FALSE
11/07/2025 22:28,2.53,0.39,2.94,ON,1.15,0.7134,FALSE,TRUE,FALSE
11/07/2025 22:28,2.55,0.83,3,ON,2.49,0.7141,FALSE,TRUE,FALSE
11/07/2025 22:28,2.58,1.22,2.97,ON,3.63,0.7151,FALSE,TRUE,FALSE
11/07/2025 22:28,2.58,1.27,3.01,ON,3.82,0.7161,FALSE,FALSE,FALSE
11/07/2025 22:29,2.5,0,3.05,OFF,0,0.7161,TRUE,TRUE,FALSE
11/07/2025 22:29,2.89,5.91,2.94,ON,17.38,0.721,TRUE,TRUE,FALSE
11/07/2025 22:29,2.57,1.03,3.02,ON,3.1,0.7218,FALSE,TRUE,FALSE
11/07/2025 22:29,2.5,0,3,OFF,0,0.7218,TRUE,TRUE,FALSE
11/07/2025 22:29,2.87,5.62,2.91,ON,16.34,0.7264,TRUE,TRUE,FALSE
11/07/2025 22:29,2.58,1.22,3.02,ON,3.69,0.7274,FALSE,TRUE,FALSE
11/07/2025 22:29,2.6,1.52,2.97,ON,4.51,0.7286,FALSE,TRUE,FALSE
11/07/2025 22:29,2.55,0.83,2.93,ON,2.44,0.7293,FALSE,TRUE,FALSE
11/07/2025 22:29,2.56,0.88,3.01,ON,2.65,0.73,FALSE,FALSE,FALSE
11/07/2025 22:29,2.47,-0.39,2.93,ON,-1.14,0.7297,FALSE,TRUE,FALSE
11/07/2025 22:29,2.59,1.32,3.02,ON,3.99,0.7308,FALSE,TRUE,FALSE
11/07/2025 22:29,2.5,0,2.97,OFF,0,0.7308,TRUE,TRUE,FALSE
11/07/2025 22:29,2.86,5.47,2.92,ON,16,0.7353,TRUE,TRUE,FALSE
11/07/2025 22:29,2.55,0.73,2.95,ON,2.16,0.7359,FALSE,TRUE,FALSE
11/07/2025 22:29,2.56,0.88,3.03,ON,2.67,0.7366,FALSE,TRUE,FALSE
11/07/2025 22:29,2.53,0.44,2.99,ON,1.32,0.737,FALSE,TRUE,FALSE
11/07/2025 22:29,2.53,0.39,3,ON,1.17,0.7373,FALSE,FALSE,FALSE
11/07/2025 22:29,2.55,0.83,2.98,ON,2.47,0.738,FALSE,TRUE,FALSE
11/07/2025 22:29,2.53,0.44,2.99,ON,1.32,0.7384,FALSE,TRUE,FALSE
11/07/2025 22:29,2.57,1.08,2.95,ON,3.17,0.7392,FALSE,TRUE,FALSE
11/07/2025 22:29,2.49,-0.2,2.97,ON,-0.58,0.7391,FALSE,TRUE,FALSE
11/07/2025 22:29,2.57,1.08,3,ON,3.23,0.74,FALSE,TRUE,FALSE
11/07/2025 22:29,2.55,0.68,2.98,ON,2.04,0.7406,FALSE,TRUE,FALSE
11/07/2025 22:29,2.58,1.22,2.9,ON,3.54,0.7415,FALSE,TRUE,FALSE
11/07/2025 22:29,2.55,0.78,2.97,ON,2.33,0.7422,FALSE,TRUE,FALSE
11/07/2025 22:29,2.55,0.68,2.92,ON,2,0.7427,FALSE,FALSE,FALSE
11/07/2025 22:29,2.57,1.08,2.97,ON,3.19,0.7436,FALSE,TRUE,FALSE
11/07/2025 22:29,2.55,0.83,2.98,ON,2.47,0.7443,FALSE,TRUE,FALSE
11/07/2025 22:29,2.55,0.83,2.98,ON,2.47,0.745,FALSE,FALSE,FALSE
11/07/2025 22:29,2.55,0.73,2.93,ON,2.15,0.7456,FALSE,FALSE,FALSE
11/07/2025 22:29,2.57,1.03,2.99,ON,3.07,0.7464,FALSE,TRUE,FALSE
11/07/2025 22:29,2.57,1.12,2.99,ON,3.37,0.7474,FALSE,FALSE,FALSE
11/07/2025 22:29,2.58,1.17,2.94,ON,3.45,0.7483,FALSE,FALSE,FALSE
11/07/2025 22:29,2.51,0.1,2.95,ON,0.29,0.7484,FALSE,TRUE,FALSE
11/07/2025 22:29,2.55,0.83,2.99,ON,2.49,0.7491,FALSE,TRUE,FALSE
11/07/2025 22:29,2.53,0.44,2.97,ON,1.31,0.7495,FALSE,TRUE,FALSE
11/07/2025 22:29,2.6,1.56,2.97,ON,4.65,0.7508,FALSE,TRUE,FALSE
11/07/2025 22:29,2.57,1.03,2.97,ON,3.05,0.7516,FALSE,TRUE,FALSE
11/07/2025 22:29,2.55,0.83,2.99,ON,2.49,0.7523,FALSE,TRUE,FALSE
11/07/2025 22:29,2.55,0.83,2.95,ON,2.45,0.753,FALSE,FALSE,FALSE
11/07/2025 22:29,2.47,-0.39,2.95,ON,-1.15,0.7527,FALSE,TRUE,FALSE
11/07/2025 22:29,2.54,0.64,2.95,ON,1.87,0.7532,FALSE,TRUE,FALSE
11/07/2025 22:29,2.53,0.49,3,ON,1.46,0.7536,FALSE,TRUE,FALSE
11/07/2025 22:29,2.6,1.47,2.9,ON,4.26,0.7548,FALSE,TRUE,FALSE
11/07/2025 22:29,2.56,0.93,2.98,ON,2.76,0.7555,FALSE,TRUE,FALSE
11/07/2025 22:29,2.55,0.83,2.97,ON,2.47,0.7562,FALSE,FALSE,FALSE
11/07/2025 22:29,2.57,1.12,2.97,ON,3.34,0.7572,FALSE,TRUE,FALSE
11/07/2025 22:29,2.55,0.83,2.99,ON,2.49,0.7578,FALSE,TRUE,FALSE
11/07/2025 22:29,2.53,0.44,2.97,ON,1.31,0.7582,FALSE,TRUE,FALSE
11/07/2025 22:29,2.56,0.98,2.95,ON,2.88,0.759,FALSE,TRUE,FALSE
11/07/2025 22:29,2.53,0.39,2.93,ON,1.14,0.7593,FALSE,TRUE,FALSE
11/07/2025 22:29,2.6,1.56,2.94,ON,4.6,0.7606,FALSE,TRUE,FALSE
11/07/2025 22:29,2.5,0,2.99,OFF,0,0.7606,TRUE,TRUE,FALSE
11/07/2025 22:29,2.37,-2,2.97,ON,-5.95,0.7589,TRUE,TRUE,FALSE
11/07/2025 22:29,2.59,1.42,2.89,ON,4.1,0.7601,FALSE,TRUE,FALSE
11/07/2025 22:29,2.59,1.32,2.94,ON,3.88,0.7612,FALSE,FALSE,FALSE
11/07/2025 22:29,2.49,-0.2,2.93,ON,-0.57,0.761,FALSE,TRUE,FALSE
11/07/2025 22:29,2.55,0.78,2.94,ON,2.3,0.7616,FALSE,TRUE,FALSE
11/07/2025 22:29,2.55,0.73,2.92,ON,2.14,0.7622,FALSE,FALSE,FALSE
11/07/2025 22:29,2.54,0.59,2.94,ON,1.73,0.7627,FALSE,TRUE,FALSE
11/07/2025 22:30,2.53,0.39,2.99,ON,1.17,0.763,FALSE,TRUE,FALSE
11/07/2025 22:30,2.53,0.39,2.97,ON,1.16,0.7634,FALSE,FALSE,FALSE
11/07/2025 22:30,2.56,0.98,2.9,ON,2.83,0.7642,FALSE,TRUE,FALSE
11/07/2025 22:30,2.58,1.22,2.92,ON,3.57,0.7651,FALSE,TRUE,FALSE
11/07/2025 22:30,2.55,0.68,2.96,ON,2.03,0.7657,FALSE,TRUE,FALSE
11/07/2025 22:30,2.5,0,2.99,OFF,0,0.7657,TRUE,TRUE,FALSE
11/07/2025 22:30,2.35,-2.3,2.87,ON,-6.6,0.7639,TRUE,TRUE,FALSE
11/07/2025 22:30,2.6,1.52,2.94,ON,4.46,0.7651,FALSE,TRUE,FALSE
11/07/2025 22:30,2.6,1.56,2.96,ON,4.63,0.7664,FALSE,FALSE,FALSE
11/07/2025 22:30,2.55,0.83,2.97,ON,2.47,0.7671,FALSE,TRUE,FALSE
11/07/2025 22:30,2.55,0.73,2.99,ON,2.19,0.7677,FALSE,FALSE,FALSE
11/07/2025 22:30,2.55,0.68,2.96,ON,2.02,0.7683,FALSE,FALSE,FALSE
11/07/2025 22:30,2.53,0.44,2.94,ON,1.29,0.7686,FALSE,TRUE,FALSE
11/07/2025 22:30,2.53,0.39,2.94,ON,1.15,0.7689,FALSE,FALSE,FALSE
11/07/2025 22:30,2.58,1.22,2.94,ON,3.59,0.7699,FALSE,TRUE,FALSE
11/07/2025 22:30,2.55,0.78,2.98,ON,2.33,0.7706,FALSE,TRUE,FALSE
11/07/2025 22:30,2.55,0.83,2.94,ON,2.44,0.7713,FALSE,FALSE,FALSE
11/07/2025 22:30,2.58,1.22,2.9,ON,3.55,0.7722,FALSE,TRUE,FALSE
11/07/2025 22:30,2.58,1.17,2.94,ON,3.45,0.7732,FALSE,FALSE,FALSE
11/07/2025 22:30,2.58,1.22,3.01,ON,3.67,0.7742,FALSE,FALSE,FALSE
11/07/2025 22:30,2.58,1.17,2.96,ON,3.48,0.7752,FALSE,FALSE,FALSE
11/07/2025 22:30,2.55,0.68,2.98,ON,2.04,0.7758,FALSE,TRUE,FALSE
11/07/2025 22:30,2.55,0.83,2.97,ON,2.47,0.7764,FALSE,TRUE,FALSE
11/07/2025 22:30,2.55,0.68,2.97,ON,2.03,0.777,FALSE,TRUE,FALSE
11/07/2025 22:30,2.55,0.83,2.97,ON,2.47,0.7777,FALSE,TRUE,FALSE
11/07/2025 22:30,2.58,1.22,2.96,ON,3.61,0.7787,FALSE,TRUE,FALSE
11/07/2025 22:30,2.6,1.47,2.96,ON,4.34,0.7799,FALSE,TRUE,FALSE
11/07/2025 22:30,2.57,1.03,2.98,ON,3.06,0.7807,FALSE,TRUE,FALSE
11/07/2025 22:30,2.61,1.66,3.01,ON,5.01,0.7821,FALSE,TRUE,FALSE
11/07/2025 22:30,2.55,0.78,2.91,ON,2.28,0.7828,FALSE,TRUE,FALSE
11/07/2025 22:30,2.57,1.12,2.98,ON,3.35,0.7837,FALSE,TRUE,FALSE
11/07/2025 22:30,2.61,1.66,2.98,ON,4.95,0.7851,FALSE,TRUE,FALSE
11/07/2025 22:30,2.52,0.29,2.91,ON,0.85,0.7853,FALSE,TRUE,FALSE
11/07/2025 22:30,2.55,0.73,2.99,ON,2.19,0.7859,FALSE,TRUE,FALSE
11/07/2025 22:30,2.53,0.44,2.99,ON,1.32,0.7863,FALSE,TRUE,FALSE
11/07/2025 22:30,2.55,0.73,2.89,ON,2.12,0.7869,FALSE,TRUE,FALSE
11/07/2025 22:30,2.53,0.39,2.96,ON,1.16,0.7872,FALSE,TRUE,FALSE
11/07/2025 22:30,2.55,0.83,2.99,ON,2.49,0.7879,FALSE,TRUE,FALSE
11/07/2025 22:30,2.57,1.12,3.01,ON,3.39,0.7888,FALSE,TRUE,FALSE
11/07/2025 22:30,2.6,1.47,2.91,ON,4.27,0.79,FALSE,TRUE,FALSE
11/07/2025 22:30,2.56,0.98,3.02,ON,2.95,0.7908,FALSE,TRUE,FALSE
11/07/2025 22:30,2.57,1.03,2.98,ON,3.06,0.7917,FALSE,FALSE,FALSE
11/07/2025 22:30,2.58,1.17,3.02,ON,3.55,0.7927,FALSE,TRUE,FALSE
11/07/2025 22:30,2.55,0.78,2.9,ON,2.27,0.7933,FALSE,TRUE,FALSE
11/07/2025 22:30,2.58,1.22,2.98,ON,3.64,0.7943,FALSE,TRUE,FALSE
11/07/2025 22:30,2.59,1.42,2.94,ON,4.17,0.7955,FALSE,TRUE,FALSE
11/07/2025 22:30,2.55,0.73,3,ON,2.2,0.7961,FALSE,TRUE,FALSE
11/07/2025 22:30,2.61,1.61,2.98,ON,4.8,0.7974,FALSE,TRUE,FALSE
11/07/2025 22:30,2.56,0.98,2.9,ON,2.83,0.7982,FALSE,TRUE,FALSE
11/07/2025 22:30,2.57,1.03,2.99,ON,3.07,0.7991,FALSE,FALSE,FALSE
11/07/2025 22:30,2.53,0.49,2.92,ON,1.43,0.7994,FALSE,TRUE,FALSE
11/07/2025 22:30,2.59,1.37,2.97,ON,4.07,0.8006,FALSE,TRUE,FALSE
11/07/2025 22:30,2.52,0.29,2.97,ON,0.87,0.8008,FALSE,TRUE,FALSE
11/07/2025 22:30,2.59,1.32,2.99,ON,3.95,0.8019,FALSE,TRUE,FALSE
11/07/2025 22:30,2.58,1.22,2.92,ON,3.57,0.8029,FALSE,FALSE,FALSE
11/07/2025 22:30,2.57,1.03,2.97,ON,3.05,0.8038,FALSE,TRUE,FALSE
11/07/2025 22:30,2.55,0.83,2.95,ON,2.45,0.8044,FALSE,TRUE,FALSE
11/07/2025 22:30,2.58,1.22,2.99,ON,3.66,0.8055,FALSE,TRUE,FALSE
11/07/2025 22:30,2.55,0.78,2.91,ON,2.27,0.8061,FALSE,TRUE,FALSE
11/07/2025 22:30,2.59,1.32,2.97,ON,3.92,0.8072,FALSE,TRUE,FALSE
11/07/2025 22:31,2.53,0.39,2.91,ON,1.14,0.8075,FALSE,TRUE,FALSE
11/07/2025 22:31,2.58,1.27,3.02,ON,3.84,0.8086,FALSE,TRUE,FALSE
11/07/2025 22:31,2.6,1.52,3.01,ON,4.56,0.8098,FALSE,TRUE,FALSE
11/07/2025 22:31,2.55,0.78,2.99,ON,2.34,0.8105,FALSE,TRUE,FALSE
11/07/2025 22:31,2.53,0.49,2.89,ON,1.41,0.8109,FALSE,TRUE,FALSE
11/07/2025 22:31,2.53,0.39,2.95,ON,1.15,0.8112,FALSE,FALSE,FALSE
11/07/2025 22:31,2.53,0.49,2.96,ON,1.45,0.8116,FALSE,FALSE,FALSE
11/07/2025 22:31,2.61,1.61,2.89,ON,4.66,0.8129,FALSE,TRUE,FALSE
11/07/2025 22:31,2.55,0.78,2.98,ON,2.33,0.8135,FALSE,TRUE,FALSE
11/07/2025 22:31,2.58,1.22,2.99,ON,3.66,0.8145,FALSE,TRUE,FALSE
11/07/2025 22:31,2.55,0.78,2.99,ON,2.34,0.8152,FALSE,TRUE,FALSE
11/07/2025 22:31,2.56,0.98,3,ON,2.94,0.816,FALSE,TRUE,FALSE
11/07/2025 22:31,2.63,1.91,2.95,ON,5.63,0.8176,FALSE,TRUE,FALSE
11/07/2025 22:31,2.56,0.93,2.92,ON,2.71,0.8183,FALSE,TRUE,FALSE
11/07/2025 22:31,2.55,0.78,2.96,ON,2.32,0.819,FALSE,TRUE,FALSE
11/07/2025 22:31,2.56,0.88,2.9,ON,2.55,0.8197,FALSE,FALSE,FALSE
11/07/2025 22:31,2.59,1.37,2.96,ON,4.05,0.8208,FALSE,TRUE,FALSE
11/07/2025 22:31,2.57,1.08,3.01,ON,3.23,0.8217,FALSE,TRUE,FALSE
11/07/2025 22:31,2.58,1.17,2.99,ON,3.51,0.8227,FALSE,FALSE,FALSE
11/07/2025 22:31,2.61,1.66,2.91,ON,4.84,0.824,FALSE,TRUE,FALSE
11/07/2025 22:31,2.53,0.44,2.93,ON,1.29,0.8244,FALSE,TRUE,FALSE
11/07/2025 22:31,2.59,1.32,2.97,ON,3.92,0.8255,FALSE,TRUE,FALSE
11/07/2025 22:31,2.56,0.98,2.95,ON,2.89,0.8263,FALSE,TRUE,FALSE
11/07/2025 22:31,2.58,1.22,2.93,ON,3.58,0.8273,FALSE,TRUE,FALSE
11/07/2025 22:31,2.58,1.22,3,ON,3.67,0.8283,FALSE,FALSE,FALSE
11/07/2025 22:31,2.58,1.17,2.95,ON,3.47,0.8292,FALSE,FALSE,FALSE
11/07/2025 22:31,2.58,1.22,2.99,ON,3.66,0.8303,FALSE,FALSE,FALSE
11/07/2025 22:31,2.55,0.83,3.02,ON,2.51,0.831,FALSE,TRUE,FALSE
11/07/2025 22:31,2.55,0.73,3.03,ON,2.22,0.8316,FALSE,FALSE,FALSE
11/07/2025 22:31,2.53,0.39,2.94,ON,1.15,0.8319,FALSE,TRUE,FALSE
11/07/2025 22:31,2.55,0.78,2.94,ON,2.3,0.8325,FALSE,TRUE,FALSE
11/07/2025 22:31,2.55,0.78,2.98,ON,2.33,0.8332,FALSE,FALSE,FALSE
11/07/2025 22:31,2.55,0.83,2.97,ON,2.47,0.8339,FALSE,FALSE,FALSE
11/07/2025 22:31,2.54,0.64,2.95,ON,1.88,0.8344,FALSE,TRUE,FALSE
11/07/2025 22:31,2.5,0,2.99,OFF,0,0.8344,TRUE,TRUE,FALSE
11/07/2025 22:31,2.86,5.52,2.99,ON,16.53,0.839,TRUE,TRUE,FALSE
11/07/2025 22:31,2.55,0.68,2.99,ON,2.05,0.8395,FALSE,TRUE,FALSE
11/07/2025 22:31,2.54,0.64,2.99,ON,1.9,0.8401,FALSE,FALSE,FALSE
11/07/2025 22:31,2.58,1.22,2.95,ON,3.61,0.8411,FALSE,TRUE,FALSE
11/07/2025 22:31,2.53,0.39,2.96,ON,1.16,0.8414,FALSE,TRUE,FALSE
11/07/2025 22:31,2.47,-0.39,2.98,ON,-1.17,0.8411,FALSE,TRUE,FALSE
11/07/2025 22:31,2.53,0.44,3.03,ON,1.33,0.8414,FALSE,TRUE,FALSE
11/07/2025 22:31,2.58,1.27,3,ON,3.81,0.8425,FALSE,TRUE,FALSE
11/07/2025 22:31,2.53,0.44,2.99,ON,1.32,0.8429,FALSE,TRUE,FALSE
11/07/2025 22:31,2.57,1.03,2.95,ON,3.02,0.8437,FALSE,TRUE,FALSE
11/07/2025 22:31,2.59,1.37,2.93,ON,4.01,0.8448,FALSE,TRUE,FALSE
11/07/2025 22:31,2.57,1.03,2.99,ON,3.07,0.8457,FALSE,TRUE,FALSE
11/07/2025 22:31,2.59,1.42,2.91,ON,4.12,0.8468,FALSE,TRUE,FALSE
11/07/2025 22:31,2.58,1.17,3.01,ON,3.53,0.8478,FALSE,TRUE,FALSE
11/07/2025 22:31,2.58,1.22,2.95,ON,3.61,0.8488,FALSE,FALSE,FALSE
11/07/2025 22:31,2.55,0.83,2.94,ON,2.44,0.8495,FALSE,TRUE,FALSE
11/07/2025 22:31,2.55,0.78,2.97,ON,2.32,0.8501,FALSE,FALSE,FALSE
11/07/2025 22:31,2.55,0.78,2.96,ON,2.32,0.8508,FALSE,FALSE,FALSE
11/07/2025 22:31,2.53,0.39,2.99,ON,1.17,0.8511,FALSE,TRUE,FALSE
11/07/2025 22:31,2.59,1.42,2.99,ON,4.24,0.8523,FALSE,TRUE,FALSE
11/07/2025 22:31,2.56,0.88,3.05,ON,2.68,0.853,FALSE,TRUE,FALSE
11/07/2025 22:31,2.53,0.39,2.89,ON,1.13,0.8533,FALSE,TRUE,FALSE
11/07/2025 22:31,2.58,1.22,3.03,ON,3.7,0.8544,FALSE,TRUE,FALSE
11/07/2025 22:31,2.5,0,3,OFF,0,0.8544,TRUE,TRUE,FALSE
11/07/2025 22:31,2.88,5.72,2.93,ON,16.75,0.859,TRUE,TRUE,FALSE
11/07/2025 22:32,2.53,0.39,2.95,ON,1.16,0.8593,FALSE,TRUE,FALSE
11/07/2025 22:32,2.58,1.22,2.9,ON,3.54,0.8603,FALSE,TRUE,FALSE
11/07/2025 22:32,2.56,0.88,3,ON,2.64,0.8611,FALSE,TRUE,FALSE
11/07/2025 22:32,2.5,0,2.94,OFF,0,0.8611,TRUE,TRUE,FALSE
11/07/2025 22:32,2.37,-1.96,2.98,ON,-5.83,0.8594,TRUE,TRUE,FALSE
11/07/2025 22:32,2.58,1.22,3.03,ON,3.7,0.8605,FALSE,TRUE,FALSE
11/07/2025 22:32,2.55,0.83,2.99,ON,2.49,0.8612,FALSE,TRUE,FALSE
11/07/2025 22:32,2.57,1.03,2.99,ON,3.07,0.862,FALSE,TRUE,FALSE
11/07/2025 22:32,2.55,0.78,2.97,ON,2.33,0.8627,FALSE,TRUE,FALSE
11/07/2025 22:32,2.55,0.83,3.01,ON,2.5,0.8633,FALSE,FALSE,FALSE
11/07/2025 22:32,2.6,1.47,3,ON,4.4,0.8646,FALSE,TRUE,FALSE
11/07/2025 22:32,2.55,0.78,2.97,ON,2.32,0.8652,FALSE,TRUE,FALSE
11/07/2025 22:32,2.6,1.56,3.01,ON,4.7,0.8665,FALSE,TRUE,FALSE
11/07/2025 22:32,2.55,0.68,2.93,ON,2,0.8671,FALSE,TRUE,FALSE
11/07/2025 22:32,2.54,0.54,2.91,ON,1.56,0.8675,FALSE,TRUE,FALSE
11/07/2025 22:32,2.59,1.32,3.01,ON,3.98,0.8686,FALSE,TRUE,FALSE
11/07/2025 22:32,2.6,1.52,3.02,ON,4.57,0.8699,FALSE,TRUE,FALSE
11/07/2025 22:32,2.55,0.83,2.98,ON,2.47,0.8706,FALSE,TRUE,FALSE
11/07/2025 22:32,2.55,0.83,2.99,ON,2.49,0.8713,FALSE,FALSE,FALSE
11/07/2025 22:32,2.58,1.27,2.99,ON,3.8,0.8723,FALSE,TRUE,FALSE
11/07/2025 22:32,2.59,1.32,3.02,ON,3.98,0.8734,FALSE,FALSE,FALSE
11/07/2025 22:32,2.56,0.98,3.05,ON,2.98,0.8743,FALSE,TRUE,FALSE
11/07/2025 22:32,2.61,1.66,2.92,ON,4.85,0.8756,FALSE,TRUE,FALSE
11/07/2025 22:32,2.58,1.22,2.89,ON,3.53,0.8766,FALSE,TRUE,FALSE
11/07/2025 22:32,2.53,0.44,2.99,ON,1.32,0.8769,FALSE,TRUE,FALSE
11/07/2025 22:32,2.58,1.22,2.99,ON,3.66,0.878,FALSE,TRUE,FALSE
11/07/2025 22:32,2.58,1.22,2.97,ON,3.63,0.879,FALSE,FALSE,FALSE
11/07/2025 22:32,2.55,0.83,3,ON,2.5,0.8797,FALSE,TRUE,FALSE
11/07/2025 22:32,2.55,0.73,2.98,ON,2.18,0.8803,FALSE,FALSE,FALSE
11/07/2025 22:32,2.54,0.54,2.99,ON,1.61,0.8807,FALSE,TRUE,FALSE
11/07/2025 22:32,2.55,0.78,3,ON,2.35,0.8814,FALSE,TRUE,FALSE
11/07/2025 22:32,2.54,0.59,3.05,ON,1.79,0.8819,FALSE,TRUE,FALSE
11/07/2025 22:32,2.54,0.64,2.99,ON,1.9,0.8824,FALSE,FALSE,FALSE
11/07/2025 22:32,2.56,0.98,2.95,ON,2.89,0.8832,FALSE,TRUE,FALSE
11/07/2025 22:32,2.58,1.22,2.99,ON,3.66,0.8842,FALSE,TRUE,FALSE
11/07/2025 22:32,2.53,0.49,3.02,ON,1.48,0.8846,FALSE,TRUE,FALSE
11/07/2025 22:32,2.53,0.49,3.02,ON,1.48,0.885,FALSE,FALSE,FALSE
11/07/2025 22:32,2.56,0.88,2.96,ON,2.61,0.8858,FALSE,TRUE,FALSE
11/07/2025 22:32,2.57,1.03,3,ON,3.08,0.8866,FALSE,TRUE,FALSE
11/07/2025 22:32,2.6,1.52,2.97,ON,4.5,0.8879,FALSE,TRUE,FALSE
11/07/2025 22:32,2.58,1.22,2.96,ON,3.62,0.8889,FALSE,TRUE,FALSE
11/07/2025 22:32,2.58,1.17,2.95,ON,3.46,0.8898,FALSE,FALSE,FALSE
11/07/2025 22:32,2.58,1.27,3.01,ON,3.83,0.8909,FALSE,FALSE,FALSE
11/07/2025 22:32,2.59,1.32,2.93,ON,3.87,0.892,FALSE,FALSE,FALSE
11/07/2025 22:32,2.64,2.1,2.97,ON,6.24,0.8937,FALSE,TRUE,FALSE
11/07/2025 22:32,2.58,1.22,3.01,ON,3.68,0.8947,FALSE,TRUE,FALSE
11/07/2025 22:32,2.58,1.22,2.9,ON,3.55,0.8957,FALSE,FALSE,FALSE
11/07/2025 22:32,2.58,1.22,2.92,ON,3.56,0.8967,FALSE,FALSE,FALSE
11/07/2025 22:32,2.55,0.68,3.02,ON,2.07,0.8973,FALSE,TRUE,FALSE
11/07/2025 22:32,2.58,1.17,2.89,ON,3.39,0.8982,FALSE,TRUE,FALSE
11/07/2025 22:32,2.59,1.37,2.98,ON,4.08,0.8993,FALSE,TRUE,FALSE
11/07/2025 22:32,2.58,1.22,2.99,ON,3.66,0.9004,FALSE,TRUE,FALSE
11/07/2025 22:32,2.53,0.39,2.99,ON,1.17,0.9007,FALSE,TRUE,FALSE
11/07/2025 22:32,2.56,0.98,2.94,ON,2.87,0.9015,FALSE,TRUE,FALSE
11/07/2025 22:32,2.56,0.98,2.97,ON,2.9,0.9023,FALSE,FALSE,FALSE
11/07/2025 22:32,2.59,1.37,2.99,ON,4.1,0.9034,FALSE,TRUE,FALSE
11/07/2025 22:32,2.55,0.83,2.94,ON,2.44,0.9041,FALSE,TRUE,FALSE
11/07/2025 22:32,2.61,1.66,2.99,ON,4.97,0.9055,FALSE,TRUE,FALSE
11/07/2025 22:32,2.54,0.54,2.94,ON,1.58,0.9059,FALSE,TRUE,FALSE
11/07/2025 22:32,2.53,0.39,2.94,ON,1.15,0.9062,FALSE,TRUE,FALSE
11/07/2025 22:33,2.56,0.98,2.99,ON,2.92,0.9071,FALSE,TRUE,FALSE
11/07/2025 22:33,2.6,1.56,2.97,ON,4.65,0.9084,FALSE,TRUE,FALSE
11/07/2025 22:33,2.57,1.03,2.99,ON,3.07,0.9092,FALSE,TRUE,FALSE
11/07/2025 22:33,2.53,0.39,2.97,ON,1.16,0.9095,FALSE,TRUE,FALSE
11/07/2025 22:33,2.54,0.54,2.95,ON,1.59,0.91,FALSE,TRUE,FALSE
11/07/2025 22:33,2.54,0.64,2.95,ON,1.88,0.9105,FALSE,FALSE,FALSE
11/07/2025 22:33,2.63,1.91,3,ON,5.72,0.9121,FALSE,TRUE,FALSE
11/07/2025 22:33,2.51,0.1,2.94,ON,0.29,0.9122,FALSE,TRUE,FALSE
11/07/2025 22:33,2.55,0.83,2.99,ON,2.48,0.9128,FALSE,TRUE,FALSE
11/07/2025 22:33,2.58,1.17,2.94,ON,3.45,0.9138,FALSE,TRUE,FALSE
11/07/2025 22:33,2.58,1.22,2.93,ON,3.58,0.9148,FALSE,FALSE,FALSE
11/07/2025 22:33,2.55,0.73,2.99,ON,2.19,0.9154,FALSE,TRUE,FALSE
11/07/2025 22:33,2.55,0.78,2.96,ON,2.32,0.9161,FALSE,FALSE,FALSE
11/07/2025 22:33,2.58,1.22,2.94,ON,3.59,0.9171,FALSE,TRUE,FALSE
11/07/2025 22:33,2.59,1.42,2.99,ON,4.24,0.9182,FALSE,TRUE,FALSE
11/07/2025 22:33,2.55,0.83,3.01,ON,2.5,0.9189,FALSE,TRUE,FALSE
11/07/2025 22:33,2.58,1.22,2.95,ON,3.61,0.9199,FALSE,TRUE,FALSE
11/07/2025 22:33,2.5,0,2.95,OFF,0,0.9199,TRUE,TRUE,FALSE
11/07/2025 22:33,2.87,5.62,2.95,ON,16.59,0.9245,TRUE,TRUE,FALSE
11/07/2025 22:33,2.57,1.03,2.95,ON,3.03,0.9254,FALSE,TRUE,FALSE
11/07/2025 22:33,2.53,0.39,2.91,ON,1.14,0.9257,FALSE,TRUE,FALSE
11/07/2025 22:33,2.51,0.2,2.93,ON,0.57,0.9259,FALSE,TRUE,FALSE
11/07/2025 22:33,2.53,0.44,2.99,ON,1.32,0.9262,FALSE,TRUE,FALSE
11/07/2025 22:33,2.56,0.98,2.99,ON,2.93,0.927,FALSE,TRUE,FALSE
11/07/2025 22:33,2.47,-0.39,2.89,ON,-1.13,0.9267,FALSE,TRUE,FALSE
11/07/2025 22:33,2.57,1.03,2.99,ON,3.07,0.9276,FALSE,TRUE,FALSE
11/07/2025 22:33,2.57,1.12,2.94,ON,3.31,0.9285,FALSE,FALSE,FALSE
11/07/2025 22:33,2.58,1.22,2.99,ON,3.66,0.9295,FALSE,FALSE,FALSE
11/07/2025 22:33,2.55,0.78,3.01,ON,2.35,0.9302,FALSE,TRUE,FALSE
11/07/2025 22:33,2.58,1.22,3,ON,3.66,0.9312,FALSE,TRUE,FALSE
11/07/2025 22:33,2.55,0.83,2.9,ON,2.41,0.9318,FALSE,TRUE,FALSE
11/07/2025 22:33,2.58,1.17,2.99,ON,3.51,0.9328,FALSE,TRUE,FALSE
11/07/2025 22:33,2.47,-0.39,2.91,ON,-1.14,0.9325,FALSE,TRUE,FALSE
11/07/2025 22:33,2.55,0.68,2.93,ON,2,0.9331,FALSE,TRUE,FALSE
11/07/2025 22:33,2.58,1.17,3.02,ON,3.54,0.934,FALSE,TRUE,FALSE
11/07/2025 22:33,2.59,1.42,2.97,ON,4.21,0.9352,FALSE,TRUE,FALSE
11/07/2025 22:33,2.55,0.83,3.01,ON,2.5,0.9359,FALSE,TRUE,FALSE
11/07/2025 22:33,2.55,0.83,2.95,ON,2.45,0.9366,FALSE,FALSE,FALSE
11/07/2025 22:33,2.55,0.83,3.03,ON,2.52,0.9373,FALSE,FALSE,FALSE
11/07/2025 22:33,2.58,1.17,2.99,ON,3.51,0.9383,FALSE,TRUE,FALSE
11/07/2025 22:33,2.55,0.83,3.05,ON,2.53,0.939,FALSE,TRUE,FALSE
11/07/2025 22:33,2.57,1.08,2.97,ON,3.2,0.9399,FALSE,TRUE,FALSE
11/07/2025 22:33,2.53,0.44,3.03,ON,1.33,0.9402,FALSE,TRUE,FALSE
11/07/2025 22:33,2.58,1.27,2.97,ON,3.78,0.9413,FALSE,TRUE,FALSE
11/07/2025 22:33,2.54,0.59,2.99,ON,1.75,0.9418,FALSE,TRUE,FALSE
11/07/2025 22:33,2.56,0.98,2.91,ON,2.85,0.9426,FALSE,TRUE,FALSE
11/07/2025 22:33,2.55,0.68,2.95,ON,2.02,0.9431,FALSE,TRUE,FALSE
11/07/2025 22:33,2.5,0,3.02,OFF,0,0.9431,TRUE,TRUE,FALSE
11/07/2025 22:33,2.38,-1.81,3.03,ON,-5.47,0.9416,TRUE,TRUE,FALSE
11/07/2025 22:33,2.58,1.22,2.99,ON,3.66,0.9426,FALSE,TRUE,FALSE
11/07/2025 22:33,2.5,0.05,2.99,ON,0.15,0.9427,FALSE,TRUE,FALSE
11/07/2025 22:33,2.54,0.59,2.97,ON,1.74,0.9431,FALSE,TRUE,FALSE
11/07/2025 22:33,2.56,0.93,2.99,ON,2.78,0.9439,FALSE,TRUE,FALSE
11/07/2025 22:33,2.55,0.83,2.97,ON,2.47,0.9446,FALSE,FALSE,FALSE
11/07/2025 22:33,2.53,0.44,2.96,ON,1.3,0.945,FALSE,TRUE,FALSE
11/07/2025 22:33,2.58,1.27,2.95,ON,3.75,0.946,FALSE,TRUE,FALSE
11/07/2025 22:33,2.54,0.64,2.99,ON,1.9,0.9465,FALSE,TRUE,FALSE
11/07/2025 22:33,2.6,1.47,2.99,ON,4.38,0.9477,FALSE,TRUE,FALSE
11/07/2025 22:33,2.55,0.83,2.97,ON,2.47,0.9484,FALSE,TRUE,FALSE
11/07/2025 22:33,2.55,0.78,2.99,ON,2.34,0.9491,FALSE,FALSE,FALSE
11/07/2025 22:34,2.54,0.59,2.98,ON,1.75,0.9496,FALSE,TRUE,FALSE
11/07/2025 22:34,2.58,1.22,2.96,ON,3.62,0.9506,FALSE,TRUE,FALSE
11/07/2025 22:34,2.57,1.03,2.94,ON,3.02,0.9514,FALSE,TRUE,FALSE
11/07/2025 22:34,2.53,0.44,3.02,ON,1.33,0.9518,FALSE,TRUE,FALSE
11/07/2025 22:34,2.58,1.17,2.97,ON,3.48,0.9527,FALSE,TRUE,FALSE
11/07/2025 22:34,2.54,0.59,2.93,ON,1.72,0.9532,FALSE,TRUE,FALSE
11/07/2025 22:34,2.56,0.98,2.96,ON,2.9,0.954,FALSE,TRUE,FALSE
11/07/2025 22:34,2.58,1.27,2.92,ON,3.71,0.9551,FALSE,TRUE,FALSE
11/07/2025 22:34,2.53,0.39,3.01,ON,1.18,0.9554,FALSE,TRUE,FALSE
11/07/2025 22:34,2.59,1.32,2.99,ON,3.95,0.9565,FALSE,TRUE,FALSE
11/07/2025 22:34,2.56,0.88,3.02,ON,2.66,0.9572,FALSE,TRUE,FALSE
11/07/2025 22:34,2.56,0.88,2.94,ON,2.59,0.9579,FALSE,FALSE,FALSE
11/07/2025 22:34,2.58,1.22,3.02,ON,3.69,0.959,FALSE,TRUE,FALSE
11/07/2025 22:34,2.59,1.37,2.97,ON,4.06,0.9601,FALSE,TRUE,FALSE
11/07/2025 22:34,2.57,1.03,2.97,ON,3.05,0.9609,FALSE,TRUE,FALSE
11/07/2025 22:34,2.57,1.03,2.97,ON,3.05,0.9618,FALSE,FALSE,FALSE
11/07/2025 22:34,2.56,0.98,3,ON,2.94,0.9626,FALSE,FALSE,FALSE
11/07/2025 22:34,2.55,0.83,2.99,ON,2.49,0.9633,FALSE,TRUE,FALSE
11/07/2025 22:34,2.58,1.22,2.96,ON,3.62,0.9643,FALSE,TRUE,FALSE
11/07/2025 22:34,2.58,1.22,3.01,ON,3.68,0.9653,FALSE,FALSE,FALSE
11/07/2025 22:34,2.61,1.61,2.99,ON,4.83,0.9667,FALSE,TRUE,FALSE
11/07/2025 22:34,2.58,1.22,2.99,ON,3.65,0.9677,FALSE,TRUE,FALSE
11/07/2025 22:34,2.55,0.78,2.96,ON,2.32,0.9683,FALSE,TRUE,FALSE
11/07/2025 22:34,2.59,1.42,2.98,ON,4.22,0.9695,FALSE,TRUE,FALSE
11/07/2025 22:34,2.6,1.56,2.98,ON,4.67,0.9708,FALSE,TRUE,FALSE
11/07/2025 22:34,2.6,1.47,2.99,ON,4.39,0.972,FALSE,FALSE,FALSE
11/07/2025 22:34,2.55,0.83,2.99,ON,2.49,0.9727,FALSE,TRUE,FALSE
11/07/2025 22:34,2.58,1.17,2.91,ON,3.42,0.9736,FALSE,TRUE,FALSE
11/07/2025 22:34,2.57,1.12,2.89,ON,3.25,0.9745,FALSE,FALSE,FALSE
11/07/2025 22:34,2.58,1.17,2.91,ON,3.42,0.9755,FALSE,FALSE,FALSE
11/07/2025 22:34,2.59,1.32,2.97,ON,3.92,0.9766,FALSE,TRUE,FALSE
11/07/2025 22:34,2.58,1.17,2.99,ON,3.51,0.9776,FALSE,TRUE,FALSE
11/07/2025 22:34,2.56,0.88,3.01,ON,2.64,0.9783,FALSE,TRUE,FALSE
11/07/2025 22:34,2.59,1.42,2.97,ON,4.21,0.9795,FALSE,TRUE,FALSE
11/07/2025 22:34,2.55,0.83,2.99,ON,2.49,0.9802,FALSE,TRUE,FALSE
11/07/2025 22:34,2.58,1.27,2.95,ON,3.75,0.9812,FALSE,TRUE,FALSE
11/07/2025 22:34,2.55,0.78,2.91,ON,2.28,0.9818,FALSE,TRUE,FALSE
11/07/2025 22:34,2.55,0.73,3.02,ON,2.21,0.9824,FALSE,FALSE,FALSE
11/07/2025 22:34,2.51,0.2,2.92,ON,0.57,0.9826,FALSE,TRUE,FALSE
11/07/2025 22:34,2.57,1.03,3.01,ON,3.09,0.9835,FALSE,TRUE,FALSE
11/07/2025 22:34,2.58,1.22,2.94,ON,3.59,0.9845,FALSE,TRUE,FALSE
11/07/2025 22:34,2.58,1.22,2.89,ON,3.53,0.9854,FALSE,FALSE,FALSE
11/07/2025 22:34,2.56,0.88,2.99,ON,2.63,0.9862,FALSE,TRUE,FALSE
11/07/2025 22:34,2.5,0,2.92,OFF,0,0.9862,TRUE,TRUE,FALSE
11/07/2025 22:34,2.85,5.38,2.9,ON,15.57,0.9905,TRUE,TRUE,FALSE
11/07/2025 22:34,2.55,0.83,2.94,ON,2.44,0.9912,FALSE,TRUE,FALSE
11/07/2025 22:34,2.58,1.17,2.99,ON,3.51,0.9921,FALSE,TRUE,FALSE
11/07/2025 22:34,2.5,0,2.98,OFF,0,0.9921,TRUE,TRUE,FALSE
11/07/2025 22:34,2.86,5.52,2.99,ON,16.53,0.9967,TRUE,TRUE,FALSE
11/07/2025 22:34,2.55,0.68,2.95,ON,2.02,0.9973,FALSE,TRUE,FALSE
11/07/2025 22:34,2.58,1.22,2.87,ON,3.51,0.9983,FALSE,TRUE,FALSE
11/07/2025 22:34,2.55,0.78,2.93,ON,2.29,0.9989,FALSE,TRUE,FALSE
11/07/2025 22:34,2.57,1.03,2.97,ON,3.05,0.9998,FALSE,TRUE,FALSE
11/07/2025 22:34,2.56,0.88,2.96,ON,2.61,1.0005,FALSE,TRUE,FALSE
11/07/2025 22:34,2.59,1.42,2.89,ON,4.09,1.0016,FALSE,TRUE,FALSE
11/07/2025 22:34,2.55,0.78,2.96,ON,2.32,1.0023,FALSE,TRUE,FALSE
11/07/2025 22:34,2.59,1.37,2.92,ON,3.99,1.0034,FALSE,TRUE,FALSE
11/07/2025 22:34,2.57,1.03,3.02,ON,3.1,1.0042,FALSE,TRUE,FALSE
11/07/2025 22:34,2.59,1.32,2.97,ON,3.92,1.0053,FALSE,TRUE,FALSE
11/07/2025 22:34,2.55,0.78,2.97,ON,2.32,1.006,FALSE,TRUE,FALSE
11/07/2025 22:35,2.51,0.2,2.94,ON,0.57,1.0061,FALSE,TRUE,FALSE
11/07/2025 22:35,2.61,1.61,3.01,ON,4.86,1.0075,FALSE,TRUE,FALSE
11/07/2025 22:35,2.56,0.88,2.99,ON,2.63,1.0082,FALSE,TRUE,FALSE
11/07/2025 22:35,2.58,1.22,2.99,ON,3.66,1.0092,FALSE,TRUE,FALSE
11/07/2025 22:35,2.53,0.44,3.02,ON,1.33,1.0096,FALSE,TRUE,FALSE
11/07/2025 22:35,2.52,0.24,2.99,ON,0.73,1.0098,FALSE,TRUE,FALSE
11/07/2025 22:35,2.58,1.27,3.02,ON,3.84,1.0109,FALSE,TRUE,FALSE
11/07/2025 22:35,2.57,1.03,2.99,ON,3.07,1.0117,FALSE,TRUE,FALSE
11/07/2025 22:35,2.55,0.83,2.97,ON,2.47,1.0124,FALSE,TRUE,FALSE
11/07/2025 22:35,2.58,1.27,2.99,ON,3.8,1.0135,FALSE,TRUE,FALSE
11/07/2025 22:35,2.56,0.88,3.01,ON,2.64,1.0142,FALSE,TRUE,FALSE
11/07/2025 22:35,2.63,2,2.9,ON,5.82,1.0158,FALSE,TRUE,FALSE
11/07/2025 22:35,2.6,1.52,2.96,ON,4.49,1.0171,FALSE,TRUE,FALSE
11/07/2025 22:35,2.47,-0.39,2.96,ON,-1.16,1.0167,FALSE,TRUE,FALSE
11/07/2025 22:35,2.59,1.42,2.97,ON,4.22,1.0179,FALSE,TRUE,FALSE
11/07/2025 22:35,2.55,0.73,2.97,ON,2.18,1.0185,FALSE,TRUE,FALSE
11/07/2025 22:35,2.59,1.42,2.91,ON,4.12,1.0197,FALSE,TRUE,FALSE
11/07/2025 22:35,2.58,1.27,3.01,ON,3.82,1.0207,FALSE,TRUE,FALSE
11/07/2025 22:35,2.54,0.64,2.97,ON,1.89,1.0212,FALSE,TRUE,FALSE
11/07/2025 22:35,2.57,1.08,2.96,ON,3.19,1.0221,FALSE,TRUE,FALSE
11/07/2025 22:35,2.54,0.64,2.91,ON,1.85,1.0226,FALSE,TRUE,FALSE
11/07/2025 22:35,2.57,1.12,2.92,ON,3.28,1.0235,FALSE,TRUE,FALSE
11/07/2025 22:35,2.55,0.83,2.94,ON,2.44,1.0242,FALSE,TRUE,FALSE
11/07/2025 22:35,2.58,1.17,2.95,ON,3.46,1.0252,FALSE,TRUE,FALSE
11/07/2025 22:35,2.57,1.12,2.95,ON,3.32,1.0261,FALSE,FALSE,FALSE
11/07/2025 22:35,2.58,1.22,2.98,ON,3.64,1.0271,FALSE,FALSE,FALSE
11/07/2025 22:35,2.56,0.93,2.99,ON,2.78,1.0279,FALSE,TRUE,FALSE
11/07/2025 22:35,2.53,0.39,2.92,ON,1.14,1.0282,FALSE,TRUE,FALSE
11/07/2025 22:35,2.53,0.44,3.02,ON,1.33,1.0286,FALSE,FALSE,FALSE
11/07/2025 22:35,2.57,1.03,2.98,ON,3.06,1.0294,FALSE,TRUE,FALSE
11/07/2025 22:35,2.55,0.68,3,ON,2.05,1.03,FALSE,TRUE,FALSE
11/07/2025 22:35,2.55,0.68,2.92,ON,2,1.0306,FALSE,FALSE,FALSE
11/07/2025 22:35,2.56,0.98,2.92,ON,2.85,1.0313,FALSE,TRUE,FALSE
11/07/2025 22:35,2.58,1.17,2.99,ON,3.51,1.0323,FALSE,TRUE,FALSE
11/07/2025 22:35,2.55,0.83,2.99,ON,2.48,1.033,FALSE,TRUE,FALSE
11/07/2025 22:35,2.55,0.73,2.96,ON,2.17,1.0336,FALSE,FALSE,FALSE
11/07/2025 22:35,2.59,1.42,2.98,ON,4.22,1.0348,FALSE,TRUE,FALSE
11/07/2025 22:35,2.56,0.93,2.96,ON,2.75,1.0355,FALSE,TRUE,FALSE
11/07/2025 22:35,2.54,0.59,2.93,ON,1.72,1.036,FALSE,TRUE,FALSE
11/07/2025 22:35,2.55,0.73,2.99,ON,2.19,1.0366,FALSE,TRUE,FALSE
11/07/2025 22:35,2.57,1.12,2.97,ON,3.34,1.0376,FALSE,TRUE,FALSE
11/07/2025 22:35,2.55,0.78,2.93,ON,2.29,1.0382,FALSE,TRUE,FALSE
11/07/2025 22:35,2.59,1.37,2.96,ON,4.06,1.0393,FALSE,TRUE,FALSE
11/07/2025 22:35,2.56,0.88,2.99,ON,2.63,1.0401,FALSE,TRUE,FALSE
11/07/2025 22:35,2.58,1.17,2.95,ON,3.47,1.041,FALSE,TRUE,FALSE
11/07/2025 22:35,2.58,1.17,2.89,ON,3.39,1.042,FALSE,FALSE,FALSE
11/07/2025 22:35,2.56,0.93,2.97,ON,2.76,1.0427,FALSE,TRUE,FALSE
11/07/2025 22:35,2.57,1.08,3.01,ON,3.23,1.0436,FALSE,TRUE,FALSE
11/07/2025 22:35,2.53,0.44,2.99,ON,1.32,1.044,FALSE,TRUE,FALSE
11/07/2025 22:35,2.54,0.59,2.99,ON,1.76,1.0445,FALSE,TRUE,FALSE
11/07/2025 22:35,2.56,0.93,3.01,ON,2.8,1.0453,FALSE,TRUE,FALSE
11/07/2025 22:35,2.59,1.42,2.99,ON,4.24,1.0464,FALSE,TRUE,FALSE
11/07/2025 22:35,2.55,0.83,2.94,ON,2.44,1.0471,FALSE,TRUE,FALSE
11/07/2025 22:35,2.56,0.98,3.01,ON,2.94,1.0479,FALSE,TRUE,FALSE
11/07/2025 22:35,2.56,0.88,2.95,ON,2.59,1.0486,FALSE,FALSE,FALSE
11/07/2025 22:35,2.51,0.1,3.02,ON,0.3,1.0487,FALSE,TRUE,FALSE
11/07/2025 22:35,2.47,-0.39,2.99,ON,-1.17,1.0484,FALSE,TRUE,FALSE
11/07/2025 22:35,2.57,1.08,2.92,ON,3.14,1.0493,FALSE,TRUE,FALSE
11/07/2025 22:35,2.54,0.59,2.94,ON,1.72,1.0498,FALSE,TRUE,FALSE
11/07/2025 22:36,2.55,0.83,2.97,ON,2.47,1.0504,FALSE,TRUE,FALSE
11/07/2025 22:36,2.58,1.22,2.98,ON,3.65,1.0515,FALSE,TRUE,FALSE
11/07/2025 22:36,2.58,1.22,3,ON,3.67,1.0525,FALSE,FALSE,FALSE
11/07/2025 22:36,2.59,1.37,3.01,ON,4.11,1.0536,FALSE,TRUE,FALSE
11/07/2025 22:36,2.59,1.42,2.97,ON,4.21,1.0548,FALSE,FALSE,FALSE
11/07/2025 22:36,2.57,1.03,2.99,ON,3.07,1.0556,FALSE,TRUE,FALSE
11/07/2025 22:36,2.58,1.27,3.02,ON,3.84,1.0567,FALSE,TRUE,FALSE
11/07/2025 22:36,2.6,1.56,2.99,ON,4.68,1.058,FALSE,TRUE,FALSE
11/07/2025 22:36,2.55,0.78,2.89,ON,2.26,1.0586,FALSE,TRUE,FALSE
11/07/2025 22:36,2.57,1.12,3.02,ON,3.39,1.0596,FALSE,TRUE,FALSE
11/07/2025 22:36,2.6,1.52,2.94,ON,4.46,1.0608,FALSE,TRUE,FALSE
11/07/2025 22:36,2.54,0.59,2.99,ON,1.76,1.0613,FALSE,TRUE,FALSE
11/07/2025 22:36,2.59,1.42,2.94,ON,4.17,1.0625,FALSE,TRUE,FALSE
11/07/2025 22:36,2.55,0.73,3.01,ON,2.21,1.0631,FALSE,TRUE,FALSE
11/07/2025 22:36,2.58,1.17,3,ON,3.52,1.064,FALSE,TRUE,FALSE
11/07/2025 22:36,2.56,0.93,2.92,ON,2.71,1.0648,FALSE,TRUE,FALSE
11/07/2025 22:36,2.58,1.17,2.98,ON,3.49,1.0658,FALSE,TRUE,FALSE
11/07/2025 22:36,2.61,1.61,3,ON,4.84,1.0671,FALSE,TRUE,FALSE
11/07/2025 22:36,2.53,0.44,2.97,ON,1.31,1.0675,FALSE,TRUE,FALSE
11/07/2025 22:36,2.54,0.64,3.03,ON,1.92,1.068,FALSE,TRUE,FALSE
11/07/2025 22:36,2.56,0.88,3.02,ON,2.66,1.0688,FALSE,TRUE,FALSE
11/07/2025 22:36,2.55,0.73,3.05,ON,2.23,1.0694,FALSE,TRUE,FALSE
11/07/2025 22:36,2.6,1.47,3.01,ON,4.42,1.0706,FALSE,TRUE,FALSE
11/07/2025 22:36,2.55,0.83,2.95,ON,2.45,1.0713,FALSE,TRUE,FALSE
11/07/2025 22:36,2.55,0.68,3.02,ON,2.06,1.0719,FALSE,TRUE,FALSE
11/07/2025 22:36,2.59,1.42,2.97,ON,4.21,1.073,FALSE,TRUE,FALSE
11/07/2025 22:36,2.54,0.59,2.99,ON,1.75,1.0735,FALSE,TRUE,FALSE
11/07/2025 22:36,2.54,0.59,2.99,ON,1.76,1.074,FALSE,FALSE,FALSE
11/07/2025 22:36,2.54,0.59,2.96,ON,1.74,1.0745,FALSE,FALSE,FALSE
11/07/2025 22:36,2.58,1.22,2.99,ON,3.66,1.0755,FALSE,TRUE,FALSE
11/07/2025 22:36,2.57,1.03,2.97,ON,3.05,1.0763,FALSE,TRUE,FALSE
11/07/2025 22:36,2.55,0.83,3.03,ON,2.51,1.077,FALSE,TRUE,FALSE
11/07/2025 22:36,2.6,1.52,2.97,ON,4.5,1.0783,FALSE,TRUE,FALSE
11/07/2025 22:36,2.6,1.56,2.97,ON,4.65,1.0796,FALSE,FALSE,FALSE
11/07/2025 22:36,2.6,1.52,2.97,ON,4.5,1.0808,FALSE,FALSE,FALSE
11/07/2025 22:36,2.59,1.42,2.99,ON,4.24,1.082,FALSE,FALSE,FALSE
11/07/2025 22:36,2.56,0.98,2.98,ON,2.91,1.0828,FALSE,TRUE,FALSE
11/07/2025 22:36,2.59,1.42,3.03,ON,4.29,1.084,FALSE,TRUE,FALSE
11/07/2025 22:36,2.54,0.59,2.98,ON,1.75,1.0845,FALSE,TRUE,FALSE
11/07/2025 22:36,2.61,1.66,3.02,ON,5.02,1.0859,FALSE,TRUE,FALSE
11/07/2025 22:36,2.6,1.52,3.02,ON,4.57,1.0872,FALSE,TRUE,FALSE
11/07/2025 22:36,2.5,0,2.91,OFF,0,1.0872,TRUE,TRUE,FALSE
11/07/2025 22:36,2.88,5.72,2.97,ON,16.99,1.0919,TRUE,TRUE,FALSE
11/07/2025 22:36,2.59,1.37,2.93,ON,4.01,1.093,FALSE,TRUE,FALSE
11/07/2025 22:36,2.56,0.98,3,ON,2.93,1.0938,FALSE,TRUE,FALSE
11/07/2025 22:36,2.55,0.78,2.94,ON,2.3,1.0944,FALSE,TRUE,FALSE
11/07/2025 22:36,2.58,1.22,2.94,ON,3.59,1.0954,FALSE,TRUE,FALSE
11/07/2025 22:36,2.56,0.98,2.97,ON,2.91,1.0963,FALSE,TRUE,FALSE
11/07/2025 22:36,2.58,1.22,2.91,ON,3.56,1.0972,FALSE,TRUE,FALSE
11/07/2025 22:36,2.53,0.44,2.99,ON,1.32,1.0976,FALSE,TRUE,FALSE
11/07/2025 22:36,2.63,2,2.94,ON,5.9,1.0992,FALSE,TRUE,FALSE
11/07/2025 22:36,2.55,0.83,3.03,ON,2.51,1.0999,FALSE,TRUE,FALSE
11/07/2025 22:36,2.55,0.73,2.94,ON,2.16,1.1005,FALSE,FALSE,FALSE
11/07/2025 22:36,2.54,0.59,2.97,ON,1.74,1.101,FALSE,TRUE,FALSE
11/07/2025 22:36,2.57,1.12,2.99,ON,3.36,1.102,FALSE,TRUE,FALSE
11/07/2025 22:36,2.57,1.12,3.01,ON,3.38,1.1029,FALSE,FALSE,FALSE
11/07/2025 22:36,2.53,0.39,2.94,ON,1.15,1.1032,FALSE,TRUE,FALSE
11/07/2025 22:36,2.56,0.98,2.99,ON,2.93,1.104,FALSE,TRUE,FALSE
11/07/2025 22:36,2.55,0.78,2.99,ON,2.34,1.1047,FALSE,TRUE,FALSE
11/07/2025 22:36,2.63,2,2.94,ON,5.9,1.1063,FALSE,TRUE,FALSE
11/07/2025 22:37,2.59,1.37,2.93,ON,4.01,1.1074,FALSE,TRUE,FALSE
11/07/2025 22:37,2.55,0.78,2.93,ON,2.29,1.1081,FALSE,TRUE,FALSE
11/07/2025 22:37,2.59,1.37,2.95,ON,4.04,1.1092,FALSE,TRUE,FALSE
11/07/2025 22:37,2.51,0.2,2.99,ON,0.59,1.1094,FALSE,TRUE,FALSE
11/07/2025 22:37,2.58,1.22,2.94,ON,3.59,1.1104,FALSE,TRUE,FALSE
11/07/2025 22:37,2.54,0.59,2.95,ON,1.73,1.1108,FALSE,TRUE,FALSE
11/07/2025 22:37,2.53,0.44,2.95,ON,1.3,1.1112,FALSE,TRUE,FALSE
11/07/2025 22:37,2.59,1.32,2.97,ON,3.92,1.1123,FALSE,TRUE,FALSE
11/07/2025 22:37,2.53,0.39,3,ON,1.17,1.1126,FALSE,TRUE,FALSE
11/07/2025 22:37,2.53,0.39,2.99,ON,1.17,1.1129,FALSE,FALSE,FALSE
11/07/2025 22:37,2.57,1.12,2.99,ON,3.36,1.1139,FALSE,TRUE,FALSE
11/07/2025 22:37,2.59,1.37,2.99,ON,4.1,1.115,FALSE,TRUE,FALSE
11/07/2025 22:37,2.63,2,2.89,ON,5.79,1.1166,FALSE,TRUE,FALSE
11/07/2025 22:37,2.59,1.37,3.03,ON,4.14,1.1178,FALSE,TRUE,FALSE
11/07/2025 22:37,2.61,1.61,2.99,ON,4.83,1.1191,FALSE,TRUE,FALSE
11/07/2025 22:37,2.6,1.56,2.96,ON,4.64,1.1204,FALSE,FALSE,FALSE
11/07/2025 22:37,2.58,1.22,2.99,ON,3.66,1.1214,FALSE,TRUE,FALSE
11/07/2025 22:37,2.58,1.22,2.96,ON,3.62,1.1224,FALSE,FALSE,FALSE
11/07/2025 22:37,2.58,1.22,2.93,ON,3.58,1.1234,FALSE,FALSE,FALSE
11/07/2025 22:37,2.5,0,2.89,OFF,0,1.1234,TRUE,TRUE,FALSE
11/07/2025 22:37,2.78,4.3,2.9,ON,12.47,1.1269,TRUE,TRUE,FALSE
11/07/2025 22:37,2.58,1.22,2.99,ON,3.66,1.1279,FALSE,TRUE,FALSE
11/07/2025 22:37,2.56,0.98,3.05,ON,2.98,1.1287,FALSE,TRUE,FALSE
11/07/2025 22:37,2.55,0.73,2.95,ON,2.17,1.1293,FALSE,TRUE,FALSE
11/07/2025 22:37,2.56,0.98,2.94,ON,2.87,1.1301,FALSE,TRUE,FALSE
11/07/2025 22:37,2.56,0.88,3.01,ON,2.65,1.1309,FALSE,FALSE,FALSE
11/07/2025 22:37,2.55,0.78,3.01,ON,2.36,1.1315,FALSE,FALSE,FALSE
11/07/2025 22:37,2.62,1.76,2.89,ON,5.08,1.1329,FALSE,TRUE,FALSE
11/07/2025 22:37,2.53,0.39,2.99,ON,1.17,1.1332,FALSE,TRUE,FALSE
11/07/2025 22:37,2.56,0.93,3.02,ON,2.8,1.134,FALSE,TRUE,FALSE
11/07/2025 22:37,2.55,0.78,3.02,ON,2.36,1.1347,FALSE,TRUE,FALSE
11/07/2025 22:37,2.54,0.59,2.92,ON,1.71,1.1352,FALSE,TRUE,FALSE
11/07/2025 22:37,2.53,0.39,2.99,ON,1.17,1.1355,FALSE,TRUE,FALSE
11/07/2025 22:37,2.55,0.78,3.02,ON,2.36,1.1361,FALSE,TRUE,FALSE
11/07/2025 22:37,2.55,0.78,2.95,ON,2.31,1.1368,FALSE,FALSE,FALSE
11/07/2025 22:37,2.55,0.78,2.99,ON,2.34,1.1374,FALSE,FALSE,FALSE
11/07/2025 22:37,2.58,1.22,2.93,ON,3.58,1.1384,FALSE,TRUE,FALSE
11/07/2025 22:37,2.54,0.59,2.99,ON,1.76,1.1389,FALSE,TRUE,FALSE
11/07/2025 22:37,2.54,0.64,2.96,ON,1.88,1.1394,FALSE,FALSE,FALSE
11/07/2025 22:37,2.55,0.78,2.99,ON,2.34,1.1401,FALSE,TRUE,FALSE
11/07/2025 22:37,2.59,1.37,2.97,ON,4.06,1.1412,FALSE,TRUE,FALSE
11/07/2025 22:37,2.55,0.78,2.94,ON,2.3,1.1418,FALSE,TRUE,FALSE
11/07/2025 22:37,2.58,1.22,2.94,ON,3.59,1.1428,FALSE,TRUE,FALSE
11/07/2025 22:37,2.58,1.27,2.99,ON,3.8,1.1439,FALSE,FALSE,FALSE
11/07/2025 22:37,2.55,0.78,2.99,ON,2.34,1.1446,FALSE,TRUE,FALSE
11/07/2025 22:37,2.59,1.37,2.98,ON,4.08,1.1457,FALSE,TRUE,FALSE
11/07/2025 22:37,2.5,0,3.05,OFF,0,1.1457,TRUE,TRUE,FALSE
11/07/2025 22:37,2.84,5.08,2.89,ON,14.69,1.1498,TRUE,TRUE,FALSE
11/07/2025 22:37,2.59,1.37,2.89,ON,3.96,1.1509,FALSE,TRUE,FALSE
11/07/2025 22:37,2.58,1.22,2.95,ON,3.61,1.1519,FALSE,TRUE,FALSE
11/07/2025 22:37,2.55,0.73,3,ON,2.2,1.1525,FALSE,TRUE,FALSE
11/07/2025 22:37,2.57,1.03,2.93,ON,3.01,1.1533,FALSE,TRUE,FALSE
11/07/2025 22:37,2.55,0.78,2.97,ON,2.32,1.154,FALSE,TRUE,FALSE
11/07/2025 22:37,2.53,0.49,2.89,ON,1.41,1.1543,FALSE,TRUE,FALSE
11/07/2025 22:37,2.55,0.83,3,ON,2.49,1.155,FALSE,TRUE,FALSE
11/07/2025 22:37,2.54,0.59,2.97,ON,1.74,1.1555,FALSE,TRUE,FALSE
11/07/2025 22:37,2.55,0.83,2.99,ON,2.49,1.1562,FALSE,TRUE,FALSE
11/07/2025 22:37,2.58,1.22,2.97,ON,3.63,1.1572,FALSE,TRUE,FALSE
11/07/2025 22:37,2.59,1.37,2.99,ON,4.1,1.1584,FALSE,TRUE,FALSE
11/07/2025 22:37,2.55,0.83,2.99,ON,2.49,1.1591,FALSE,TRUE,FALSE
11/07/2025 22:38,2.55,0.68,2.97,ON,2.03,1.1596,FALSE,TRUE,FALSE
11/07/2025 22:38,2.56,0.98,2.93,ON,2.86,1.1604,FALSE,TRUE,FALSE
11/07/2025 22:38,2.55,0.78,3,ON,2.35,1.1611,FALSE,TRUE,FALSE
11/07/2025 22:38,2.55,0.78,2.99,ON,2.34,1.1617,FALSE,FALSE,FALSE
11/07/2025 22:38,2.56,0.88,2.99,ON,2.63,1.1624,FALSE,FALSE,FALSE
11/07/2025 22:38,2.5,0,2.89,OFF,0,1.1624,TRUE,TRUE,FALSE
11/07/2025 22:38,2.32,-2.74,3.02,ON,-8.26,1.1601,TRUE,TRUE,FALSE
11/07/2025 22:38,2.53,0.39,2.94,ON,1.15,1.1605,FALSE,TRUE,FALSE
11/07/2025 22:38,2.5,-0.05,2.94,ON,-0.14,1.1604,FALSE,TRUE,FALSE
11/07/2025 22:38,2.55,0.83,2.97,ON,2.47,1.1611,FALSE,TRUE,FALSE
11/07/2025 22:38,2.51,0.1,2.99,ON,0.29,1.1612,FALSE,TRUE,FALSE
11/07/2025 22:38,2.5,0,2.99,OFF,0,1.1612,TRUE,FALSE,FALSE
11/07/2025 22:38,2.38,-1.86,2.97,ON,-5.51,1.1597,TRUE,TRUE,FALSE
11/07/2025 22:38,2.58,1.22,2.9,ON,3.55,1.1606,FALSE,TRUE,FALSE
11/07/2025 22:38,2.53,0.39,2.96,ON,1.16,1.161,FALSE,TRUE,FALSE
11/07/2025 22:38,2.57,1.03,2.99,ON,3.07,1.1618,FALSE,TRUE,FALSE
11/07/2025 22:38,2.58,1.27,2.94,ON,3.73,1.1629,FALSE,TRUE,FALSE
11/07/2025 22:38,2.6,1.52,2.96,ON,4.48,1.1641,FALSE,TRUE,FALSE
11/07/2025 22:38,2.57,1.08,3.02,ON,3.25,1.165,FALSE,TRUE,FALSE
11/07/2025 22:38,2.55,0.68,2.95,ON,2.02,1.1656,FALSE,TRUE,FALSE
11/07/2025 22:38,2.57,1.03,2.95,ON,3.03,1.1664,FALSE,TRUE,FALSE
11/07/2025 22:38,2.53,0.44,2.99,ON,1.32,1.1668,FALSE,TRUE,FALSE
11/07/2025 22:38,2.59,1.42,2.94,ON,4.17,1.1679,FALSE,TRUE,FALSE
11/07/2025 22:38,2.58,1.22,2.94,ON,3.59,1.1689,FALSE,TRUE,FALSE
11/07/2025 22:38,2.6,1.47,2.97,ON,4.35,1.1701,FALSE,TRUE,FALSE
11/07/2025 22:38,2.62,1.81,2.92,ON,5.29,1.1716,FALSE,TRUE,FALSE
11/07/2025 22:38,2.54,0.59,2.99,ON,1.75,1.1721,FALSE,TRUE,FALSE
11/07/2025 22:38,2.53,0.39,2.98,ON,1.17,1.1724,FALSE,TRUE,FALSE
11/07/2025 22:38,2.61,1.61,2.95,ON,4.76,1.1737,FALSE,TRUE,FALSE
11/07/2025 22:38,2.58,1.17,2.97,ON,3.48,1.1747,FALSE,TRUE,FALSE
11/07/2025 22:38,2.6,1.56,2.99,ON,4.68,1.176,FALSE,TRUE,FALSE
11/07/2025 22:38,2.57,1.03,2.97,ON,3.05,1.1769,FALSE,TRUE,FALSE
11/07/2025 22:38,2.57,1.03,2.96,ON,3.04,1.1777,FALSE,FALSE,FALSE
11/07/2025 22:38,2.55,0.78,2.99,ON,2.34,1.1784,FALSE,TRUE,FALSE
11/07/2025 22:38,2.51,0.2,2.98,ON,0.58,1.1785,FALSE,TRUE,FALSE
11/07/2025 22:38,2.58,1.17,3.01,ON,3.53,1.1795,FALSE,TRUE,FALSE
11/07/2025 22:38,2.53,0.39,3,ON,1.17,1.1798,FALSE,TRUE,FALSE
11/07/2025 22:38,2.61,1.61,2.97,ON,4.79,1.1811,FALSE,TRUE,FALSE
11/07/2025 22:38,2.58,1.27,2.94,ON,3.74,1.1822,FALSE,TRUE,FALSE
11/07/2025 22:38,2.56,0.98,3.05,ON,2.98,1.183,FALSE,TRUE,FALSE
11/07/2025 22:38,2.58,1.27,2.93,ON,3.72,1.184,FALSE,TRUE,FALSE
11/07/2025 22:38,2.59,1.42,2.99,ON,4.24,1.1852,FALSE,TRUE,FALSE
11/07/2025 22:38,2.6,1.52,2.89,ON,4.38,1.1864,FALSE,FALSE,FALSE
11/07/2025 22:38,2.55,0.83,2.94,ON,2.44,1.1871,FALSE,TRUE,FALSE
